adapter_id,role,acc,mean_cos,module,layer,signed
e4676550,typical_high,0.9435,0.7998728694149194,Q,0,0.0010867762421185034
e4676550,typical_high,0.9435,0.7998728694149194,Q,1,0.0010857230437792964
e4676550,typical_high,0.9435,0.7998728694149194,Q,2,0.0013471436915324375
e4676550,typical_high,0.9435,0.7998728694149194,Q,3,0.0019125768722005887
e4676550,typical_high,0.9435,0.7998728694149194,Q,4,0.0023967447664290376
e4676550,typical_high,0.9435,0.7998728694149194,Q,5,0.001481479535186736
e4676550,typical_high,0.9435,0.7998728694149194,Q,6,0.005425534753953798
e4676550,typical_high,0.9435,0.7998728694149194,Q,7,0.00894050652328815
e4676550,typical_high,0.9435,0.7998728694149194,Q,8,0.013580826288176695
e4676550,typical_high,0.9435,0.7998728694149194,Q,9,0.011501238655000634
e4676550,typical_high,0.9435,0.7998728694149194,Q,10,0.006745414561009966
e4676550,typical_high,0.9435,0.7998728694149194,Q,11,0.010211128648734302
e4676550,typical_high,0.9435,0.7998728694149194,Q,12,0.015354224145426087
e4676550,typical_high,0.9435,0.7998728694149194,Q,13,0.012708816239864973
e4676550,typical_high,0.9435,0.7998728694149194,Q,14,0.016986465614536428
e4676550,typical_high,0.9435,0.7998728694149194,Q,15,0.014536846040599016
e4676550,typical_high,0.9435,0.7998728694149194,K,0,0.005072996146566311
e4676550,typical_high,0.9435,0.7998728694149194,K,1,0.0038425659967629144
e4676550,typical_high,0.9435,0.7998728694149194,K,2,0.00011042969114782863
e4676550,typical_high,0.9435,0.7998728694149194,K,3,0.000671103500621939
e4676550,typical_high,0.9435,0.7998728694149194,K,4,-0.000022917787191545358
e4676550,typical_high,0.9435,0.7998728694149194,K,5,0.002838552761943447
e4676550,typical_high,0.9435,0.7998728694149194,K,6,0.0001630364786251448
e4676550,typical_high,0.9435,0.7998728694149194,K,7,0.008421777482226389
e4676550,typical_high,0.9435,0.7998728694149194,K,8,0.00535296114344419
e4676550,typical_high,0.9435,0.7998728694149194,K,9,0.0028498965195353776
e4676550,typical_high,0.9435,0.7998728694149194,K,10,0.0015508103588217637
e4676550,typical_high,0.9435,0.7998728694149194,K,11,0.009056766150584039
e4676550,typical_high,0.9435,0.7998728694149194,K,12,0.00514571768037797
e4676550,typical_high,0.9435,0.7998728694149194,K,13,0.005221539479805415
e4676550,typical_high,0.9435,0.7998728694149194,K,14,0.00868471970511564
e4676550,typical_high,0.9435,0.7998728694149194,K,15,0.008939788258146564
e4676550,typical_high,0.9435,0.7998728694149194,V,0,0.0011775875947250825
e4676550,typical_high,0.9435,0.7998728694149194,V,1,0.0029240418530207535
e4676550,typical_high,0.9435,0.7998728694149194,V,2,0.0009367299835503218
e4676550,typical_high,0.9435,0.7998728694149194,V,3,0.0010589232913389424
e4676550,typical_high,0.9435,0.7998728694149194,V,4,0.003329230789859139
e4676550,typical_high,0.9435,0.7998728694149194,V,5,0.003155270763727458
e4676550,typical_high,0.9435,0.7998728694149194,V,6,0.0014772530291793373
e4676550,typical_high,0.9435,0.7998728694149194,V,7,0.0026316483961252857
e4676550,typical_high,0.9435,0.7998728694149194,V,8,0.004061299143927499
e4676550,typical_high,0.9435,0.7998728694149194,V,9,0.003780505710210491
e4676550,typical_high,0.9435,0.7998728694149194,V,10,0.004270551977015202
e4676550,typical_high,0.9435,0.7998728694149194,V,11,0.008458539492949058
e4676550,typical_high,0.9435,0.7998728694149194,V,12,0.007619366936665983
e4676550,typical_high,0.9435,0.7998728694149194,V,13,0.006660806130639685
e4676550,typical_high,0.9435,0.7998728694149194,V,14,0.009245079697279834
e4676550,typical_high,0.9435,0.7998728694149194,V,15,0.00758162220330405
e4676550,typical_high,0.9435,0.7998728694149194,O,0,0.0011291592571183173
e4676550,typical_high,0.9435,0.7998728694149194,O,1,0.00316752674871168
e4676550,typical_high,0.9435,0.7998728694149194,O,2,0.0020594530265611866
e4676550,typical_high,0.9435,0.7998728694149194,O,3,0.003784674644066399
e4676550,typical_high,0.9435,0.7998728694149194,O,4,0.0059961739182767815
e4676550,typical_high,0.9435,0.7998728694149194,O,5,0.007038106852860437
e4676550,typical_high,0.9435,0.7998728694149194,O,6,0.011820608172229186
e4676550,typical_high,0.9435,0.7998728694149194,O,7,0.008335191871424286
e4676550,typical_high,0.9435,0.7998728694149194,O,8,0.00545607344434984
e4676550,typical_high,0.9435,0.7998728694149194,O,9,0.005193004164539161
e4676550,typical_high,0.9435,0.7998728694149194,O,10,0.008270094195040656
e4676550,typical_high,0.9435,0.7998728694149194,O,11,0.00920566587706162
e4676550,typical_high,0.9435,0.7998728694149194,O,12,0.010967437296017124
e4676550,typical_high,0.9435,0.7998728694149194,O,13,0.010938062234345125
e4676550,typical_high,0.9435,0.7998728694149194,O,14,0.011445759557318524
e4676550,typical_high,0.9435,0.7998728694149194,O,15,0.011598293927363557
e4676550,typical_high,0.9435,0.7998728694149194,gate,0,0.004641668039710112
e4676550,typical_high,0.9435,0.7998728694149194,gate,1,0.003697691537809078
e4676550,typical_high,0.9435,0.7998728694149194,gate,2,0.006261547748692919
e4676550,typical_high,0.9435,0.7998728694149194,gate,3,0.007970982740062027
e4676550,typical_high,0.9435,0.7998728694149194,gate,4,0.008315566362057325
e4676550,typical_high,0.9435,0.7998728694149194,gate,5,0.012754101599739442
e4676550,typical_high,0.9435,0.7998728694149194,gate,6,0.010525495834372123
e4676550,typical_high,0.9435,0.7998728694149194,gate,7,0.014868666947222664
e4676550,typical_high,0.9435,0.7998728694149194,gate,8,0.011165007358442836
e4676550,typical_high,0.9435,0.7998728694149194,gate,9,0.0061553683552801886
e4676550,typical_high,0.9435,0.7998728694149194,gate,10,0.010587053788071898
e4676550,typical_high,0.9435,0.7998728694149194,gate,11,0.013250788633058619
e4676550,typical_high,0.9435,0.7998728694149194,gate,12,0.011690776182433638
e4676550,typical_high,0.9435,0.7998728694149194,gate,13,0.011644982400412118
e4676550,typical_high,0.9435,0.7998728694149194,gate,14,0.00873249996618597
e4676550,typical_high,0.9435,0.7998728694149194,gate,15,0.013353401045378632
e4676550,typical_high,0.9435,0.7998728694149194,up,0,0.004067738954063316
e4676550,typical_high,0.9435,0.7998728694149194,up,1,0.00518569569715055
e4676550,typical_high,0.9435,0.7998728694149194,up,2,0.006367024757082618
e4676550,typical_high,0.9435,0.7998728694149194,up,3,0.004468680904437861
e4676550,typical_high,0.9435,0.7998728694149194,up,4,0.006843910444331414
e4676550,typical_high,0.9435,0.7998728694149194,up,5,0.012584503300331562
e4676550,typical_high,0.9435,0.7998728694149194,up,6,0.011382441737737281
e4676550,typical_high,0.9435,0.7998728694149194,up,7,0.010912486156144041
e4676550,typical_high,0.9435,0.7998728694149194,up,8,0.012893092919966875
e4676550,typical_high,0.9435,0.7998728694149194,up,9,0.018822565895789012
e4676550,typical_high,0.9435,0.7998728694149194,up,10,0.007464681840474441
e4676550,typical_high,0.9435,0.7998728694149194,up,11,0.016670472628902644
e4676550,typical_high,0.9435,0.7998728694149194,up,12,0.017762301488119192
e4676550,typical_high,0.9435,0.7998728694149194,up,13,0.01645320111492765
e4676550,typical_high,0.9435,0.7998728694149194,up,14,0.01586245984526613
e4676550,typical_high,0.9435,0.7998728694149194,up,15,0.012807473354769172
e4676550,typical_high,0.9435,0.7998728694149194,down,0,0.007100089944174215
e4676550,typical_high,0.9435,0.7998728694149194,down,1,0.01415961962993606
e4676550,typical_high,0.9435,0.7998728694149194,down,2,0.012400200438591469
e4676550,typical_high,0.9435,0.7998728694149194,down,3,0.016517998179182314
e4676550,typical_high,0.9435,0.7998728694149194,down,4,0.01947101512745064
e4676550,typical_high,0.9435,0.7998728694149194,down,5,0.02258904589643862
e4676550,typical_high,0.9435,0.7998728694149194,down,6,0.023670350804650298
e4676550,typical_high,0.9435,0.7998728694149194,down,7,0.021241150467574244
e4676550,typical_high,0.9435,0.7998728694149194,down,8,0.01724196207123896
e4676550,typical_high,0.9435,0.7998728694149194,down,9,0.01802386767360531
e4676550,typical_high,0.9435,0.7998728694149194,down,10,0.01749496073443879
e4676550,typical_high,0.9435,0.7998728694149194,down,11,0.017255207330293842
e4676550,typical_high,0.9435,0.7998728694149194,down,12,0.015481962546701311
e4676550,typical_high,0.9435,0.7998728694149194,down,13,0.020918430862366222
e4676550,typical_high,0.9435,0.7998728694149194,down,14,0.020420976772584254
e4676550,typical_high,0.9435,0.7998728694149194,down,15,0.020162734581390396
a0cfd6fb,typical_high,0.945,0.7971897190642279,Q,0,0.0028393515011657655
a0cfd6fb,typical_high,0.945,0.7971897190642279,Q,1,0.0011258808125376163
a0cfd6fb,typical_high,0.945,0.7971897190642279,Q,2,0.00006427088067084696
a0cfd6fb,typical_high,0.945,0.7971897190642279,Q,3,0.0013901078976914505
a0cfd6fb,typical_high,0.945,0.7971897190642279,Q,4,0.0024575524648753344
a0cfd6fb,typical_high,0.945,0.7971897190642279,Q,5,0.0013834571800543927
a0cfd6fb,typical_high,0.945,0.7971897190642279,Q,6,0.003589059513387838
a0cfd6fb,typical_high,0.945,0.7971897190642279,Q,7,0.010055666988364464
a0cfd6fb,typical_high,0.945,0.7971897190642279,Q,8,0.010427935577638436
a0cfd6fb,typical_high,0.945,0.7971897190642279,Q,9,0.012133016973166377
a0cfd6fb,typical_high,0.945,0.7971897190642279,Q,10,0.006190112660988234
a0cfd6fb,typical_high,0.945,0.7971897190642279,Q,11,0.010184239902173431
a0cfd6fb,typical_high,0.945,0.7971897190642279,Q,12,0.014792018894922876
a0cfd6fb,typical_high,0.945,0.7971897190642279,Q,13,0.013419674778560875
a0cfd6fb,typical_high,0.945,0.7971897190642279,Q,14,0.016402151738077464
a0cfd6fb,typical_high,0.945,0.7971897190642279,Q,15,0.01597135243514458
a0cfd6fb,typical_high,0.945,0.7971897190642279,K,0,0.0017747393619629293
a0cfd6fb,typical_high,0.945,0.7971897190642279,K,1,0.003120350821518514
a0cfd6fb,typical_high,0.945,0.7971897190642279,K,2,0.0016160491734353855
a0cfd6fb,typical_high,0.945,0.7971897190642279,K,3,0.0032109245230458328
a0cfd6fb,typical_high,0.945,0.7971897190642279,K,4,-0.00031616184787708335
a0cfd6fb,typical_high,0.945,0.7971897190642279,K,5,0.001844188417692294
a0cfd6fb,typical_high,0.945,0.7971897190642279,K,6,-0.00027472664839933714
a0cfd6fb,typical_high,0.945,0.7971897190642279,K,7,0.009942487030258462
a0cfd6fb,typical_high,0.945,0.7971897190642279,K,8,0.004580905090506349
a0cfd6fb,typical_high,0.945,0.7971897190642279,K,9,0.0009183695109982182
a0cfd6fb,typical_high,0.945,0.7971897190642279,K,10,0.0011420507803165947
a0cfd6fb,typical_high,0.945,0.7971897190642279,K,11,0.007551371281238062
a0cfd6fb,typical_high,0.945,0.7971897190642279,K,12,0.003762680097906923
a0cfd6fb,typical_high,0.945,0.7971897190642279,K,13,0.0004070884533007302
a0cfd6fb,typical_high,0.945,0.7971897190642279,K,14,0.008892482402870883
a0cfd6fb,typical_high,0.945,0.7971897190642279,K,15,0.009947281238510186
a0cfd6fb,typical_high,0.945,0.7971897190642279,V,0,0.0029760561300236077
a0cfd6fb,typical_high,0.945,0.7971897190642279,V,1,0.0007318813023857729
a0cfd6fb,typical_high,0.945,0.7971897190642279,V,2,-0.00011556454410310835
a0cfd6fb,typical_high,0.945,0.7971897190642279,V,3,0.003167378367834317
a0cfd6fb,typical_high,0.945,0.7971897190642279,V,4,0.0037417956405079167
a0cfd6fb,typical_high,0.945,0.7971897190642279,V,5,0.003528867415525383
a0cfd6fb,typical_high,0.945,0.7971897190642279,V,6,0.0007629600891050359
a0cfd6fb,typical_high,0.945,0.7971897190642279,V,7,0.0029388136891839167
a0cfd6fb,typical_high,0.945,0.7971897190642279,V,8,0.005052484878433461
a0cfd6fb,typical_high,0.945,0.7971897190642279,V,9,0.001048930563229078
a0cfd6fb,typical_high,0.945,0.7971897190642279,V,10,0.001462110050397314
a0cfd6fb,typical_high,0.945,0.7971897190642279,V,11,0.00447317031091643
a0cfd6fb,typical_high,0.945,0.7971897190642279,V,12,0.0068254829450324905
a0cfd6fb,typical_high,0.945,0.7971897190642279,V,13,0.006781627975215088
a0cfd6fb,typical_high,0.945,0.7971897190642279,V,14,0.008357972047178919
a0cfd6fb,typical_high,0.945,0.7971897190642279,V,15,0.00610170832339918
a0cfd6fb,typical_high,0.945,0.7971897190642279,O,0,0.0032295885605435615
a0cfd6fb,typical_high,0.945,0.7971897190642279,O,1,0.0020064407768813908
a0cfd6fb,typical_high,0.945,0.7971897190642279,O,2,0.0017958078572632985
a0cfd6fb,typical_high,0.945,0.7971897190642279,O,3,0.00359724960856056
a0cfd6fb,typical_high,0.945,0.7971897190642279,O,4,0.003496280412832675
a0cfd6fb,typical_high,0.945,0.7971897190642279,O,5,0.007762537093526589
a0cfd6fb,typical_high,0.945,0.7971897190642279,O,6,0.009365443965378972
a0cfd6fb,typical_high,0.945,0.7971897190642279,O,7,0.006461373404476944
a0cfd6fb,typical_high,0.945,0.7971897190642279,O,8,0.00476258866592616
a0cfd6fb,typical_high,0.945,0.7971897190642279,O,9,0.0032223655396137474
a0cfd6fb,typical_high,0.945,0.7971897190642279,O,10,0.005728051664846134
a0cfd6fb,typical_high,0.945,0.7971897190642279,O,11,0.007634179166686295
a0cfd6fb,typical_high,0.945,0.7971897190642279,O,12,0.010707886929594679
a0cfd6fb,typical_high,0.945,0.7971897190642279,O,13,0.009841148066243477
a0cfd6fb,typical_high,0.945,0.7971897190642279,O,14,0.012198243405123321
a0cfd6fb,typical_high,0.945,0.7971897190642279,O,15,0.01177970278581597
a0cfd6fb,typical_high,0.945,0.7971897190642279,gate,0,0.004902425095792751
a0cfd6fb,typical_high,0.945,0.7971897190642279,gate,1,0.0038766393424793932
a0cfd6fb,typical_high,0.945,0.7971897190642279,gate,2,0.005380634227094561
a0cfd6fb,typical_high,0.945,0.7971897190642279,gate,3,0.0052161098349756685
a0cfd6fb,typical_high,0.945,0.7971897190642279,gate,4,0.008499609965127775
a0cfd6fb,typical_high,0.945,0.7971897190642279,gate,5,0.008443585748636906
a0cfd6fb,typical_high,0.945,0.7971897190642279,gate,6,0.01091530422689857
a0cfd6fb,typical_high,0.945,0.7971897190642279,gate,7,0.007524532360093872
a0cfd6fb,typical_high,0.945,0.7971897190642279,gate,8,0.010819681554949057
a0cfd6fb,typical_high,0.945,0.7971897190642279,gate,9,0.007363801089269373
a0cfd6fb,typical_high,0.945,0.7971897190642279,gate,10,0.010759140453046712
a0cfd6fb,typical_high,0.945,0.7971897190642279,gate,11,0.01353413957049554
a0cfd6fb,typical_high,0.945,0.7971897190642279,gate,12,0.013430749387453034
a0cfd6fb,typical_high,0.945,0.7971897190642279,gate,13,0.014636989959399216
a0cfd6fb,typical_high,0.945,0.7971897190642279,gate,14,0.010470712975347851
a0cfd6fb,typical_high,0.945,0.7971897190642279,gate,15,0.01554677321314557
a0cfd6fb,typical_high,0.945,0.7971897190642279,up,0,0.0019047575337367562
a0cfd6fb,typical_high,0.945,0.7971897190642279,up,1,0.0027534118453331757
a0cfd6fb,typical_high,0.945,0.7971897190642279,up,2,0.008351168077751936
a0cfd6fb,typical_high,0.945,0.7971897190642279,up,3,0.007251162044440207
a0cfd6fb,typical_high,0.945,0.7971897190642279,up,4,0.009071500795016618
a0cfd6fb,typical_high,0.945,0.7971897190642279,up,5,0.012155816021049759
a0cfd6fb,typical_high,0.945,0.7971897190642279,up,6,0.009256294523311226
a0cfd6fb,typical_high,0.945,0.7971897190642279,up,7,0.012560450073578977
a0cfd6fb,typical_high,0.945,0.7971897190642279,up,8,0.012791874153890603
a0cfd6fb,typical_high,0.945,0.7971897190642279,up,9,0.019780114475111077
a0cfd6fb,typical_high,0.945,0.7971897190642279,up,10,0.007832557137533058
a0cfd6fb,typical_high,0.945,0.7971897190642279,up,11,0.016983422320208774
a0cfd6fb,typical_high,0.945,0.7971897190642279,up,12,0.018969031039773654
a0cfd6fb,typical_high,0.945,0.7971897190642279,up,13,0.016681942484638057
a0cfd6fb,typical_high,0.945,0.7971897190642279,up,14,0.017493788786623554
a0cfd6fb,typical_high,0.945,0.7971897190642279,up,15,0.014690361297880372
a0cfd6fb,typical_high,0.945,0.7971897190642279,down,0,0.00981286449223262
a0cfd6fb,typical_high,0.945,0.7971897190642279,down,1,0.018083953155382915
a0cfd6fb,typical_high,0.945,0.7971897190642279,down,2,0.016105538467854785
a0cfd6fb,typical_high,0.945,0.7971897190642279,down,3,0.015861152459820005
a0cfd6fb,typical_high,0.945,0.7971897190642279,down,4,0.02104446563998863
a0cfd6fb,typical_high,0.945,0.7971897190642279,down,5,0.022683915245579556
a0cfd6fb,typical_high,0.945,0.7971897190642279,down,6,0.024540108679502737
a0cfd6fb,typical_high,0.945,0.7971897190642279,down,7,0.021314266665285686
a0cfd6fb,typical_high,0.945,0.7971897190642279,down,8,0.017315194242655707
a0cfd6fb,typical_high,0.945,0.7971897190642279,down,9,0.017977741048468943
a0cfd6fb,typical_high,0.945,0.7971897190642279,down,10,0.020673950362834148
a0cfd6fb,typical_high,0.945,0.7971897190642279,down,11,0.021593442482753744
a0cfd6fb,typical_high,0.945,0.7971897190642279,down,12,0.019546295845429995
a0cfd6fb,typical_high,0.945,0.7971897190642279,down,13,0.022619020160504988
a0cfd6fb,typical_high,0.945,0.7971897190642279,down,14,0.02248472305109317
a0cfd6fb,typical_high,0.945,0.7971897190642279,down,15,0.024406105003095035
88a7c2a4,typical_high,0.937,0.7941795948793724,Q,0,0.0010847137218661373
88a7c2a4,typical_high,0.937,0.7941795948793724,Q,1,0.0016927379884918992
88a7c2a4,typical_high,0.937,0.7941795948793724,Q,2,-0.0002762289168458665
88a7c2a4,typical_high,0.937,0.7941795948793724,Q,3,-0.0005765046889791847
88a7c2a4,typical_high,0.937,0.7941795948793724,Q,4,0.0034612535233691233
88a7c2a4,typical_high,0.937,0.7941795948793724,Q,5,0.0017363184124405961
88a7c2a4,typical_high,0.937,0.7941795948793724,Q,6,0.006001167785882444
88a7c2a4,typical_high,0.937,0.7941795948793724,Q,7,0.009785153078269104
88a7c2a4,typical_high,0.937,0.7941795948793724,Q,8,0.011905559546562472
88a7c2a4,typical_high,0.937,0.7941795948793724,Q,9,0.012169308706234006
88a7c2a4,typical_high,0.937,0.7941795948793724,Q,10,0.00628666090904062
88a7c2a4,typical_high,0.937,0.7941795948793724,Q,11,0.013324675801072772
88a7c2a4,typical_high,0.937,0.7941795948793724,Q,12,0.015751972260773073
88a7c2a4,typical_high,0.937,0.7941795948793724,Q,13,0.014061778585926277
88a7c2a4,typical_high,0.937,0.7941795948793724,Q,14,0.018451346430083504
88a7c2a4,typical_high,0.937,0.7941795948793724,Q,15,0.013348646406484477
88a7c2a4,typical_high,0.937,0.7941795948793724,K,0,0.002926264204461404
88a7c2a4,typical_high,0.937,0.7941795948793724,K,1,0.001516616921435343
88a7c2a4,typical_high,0.937,0.7941795948793724,K,2,0.0014300756070610987
88a7c2a4,typical_high,0.937,0.7941795948793724,K,3,0.0010789296125039982
88a7c2a4,typical_high,0.937,0.7941795948793724,K,4,0.0027095087098132353
88a7c2a4,typical_high,0.937,0.7941795948793724,K,5,-0.0003693776051250097
88a7c2a4,typical_high,0.937,0.7941795948793724,K,6,0.00016109163527744386
88a7c2a4,typical_high,0.937,0.7941795948793724,K,7,0.00787283097793079
88a7c2a4,typical_high,0.937,0.7941795948793724,K,8,0.004245407012035685
88a7c2a4,typical_high,0.937,0.7941795948793724,K,9,0.0019295592245498483
88a7c2a4,typical_high,0.937,0.7941795948793724,K,10,0.002952160377844848
88a7c2a4,typical_high,0.937,0.7941795948793724,K,11,0.008373403829295967
88a7c2a4,typical_high,0.937,0.7941795948793724,K,12,0.0035748080688335904
88a7c2a4,typical_high,0.937,0.7941795948793724,K,13,0.0036990304946016295
88a7c2a4,typical_high,0.937,0.7941795948793724,K,14,0.007033545130070706
88a7c2a4,typical_high,0.937,0.7941795948793724,K,15,0.008255800084583598
88a7c2a4,typical_high,0.937,0.7941795948793724,V,0,0.001196755898632773
88a7c2a4,typical_high,0.937,0.7941795948793724,V,1,0.0016379736114231491
88a7c2a4,typical_high,0.937,0.7941795948793724,V,2,0.00155522896778848
88a7c2a4,typical_high,0.937,0.7941795948793724,V,3,0.0026178470909599127
88a7c2a4,typical_high,0.937,0.7941795948793724,V,4,0.0050791969509873525
88a7c2a4,typical_high,0.937,0.7941795948793724,V,5,0.002895499602232121
88a7c2a4,typical_high,0.937,0.7941795948793724,V,6,0.0011825810005916537
88a7c2a4,typical_high,0.937,0.7941795948793724,V,7,0.00004091632092695363
88a7c2a4,typical_high,0.937,0.7941795948793724,V,8,0.0024850211232205766
88a7c2a4,typical_high,0.937,0.7941795948793724,V,9,0.002942330699283957
88a7c2a4,typical_high,0.937,0.7941795948793724,V,10,0.0024422358760602947
88a7c2a4,typical_high,0.937,0.7941795948793724,V,11,0.0061727141568894695
88a7c2a4,typical_high,0.937,0.7941795948793724,V,12,0.00894885374691512
88a7c2a4,typical_high,0.937,0.7941795948793724,V,13,0.007340787066766552
88a7c2a4,typical_high,0.937,0.7941795948793724,V,14,0.00881954709029742
88a7c2a4,typical_high,0.937,0.7941795948793724,V,15,0.008368891314148641
88a7c2a4,typical_high,0.937,0.7941795948793724,O,0,0.004218713475836466
88a7c2a4,typical_high,0.937,0.7941795948793724,O,1,0.0034888993040738114
88a7c2a4,typical_high,0.937,0.7941795948793724,O,2,-0.0005502583118186521
88a7c2a4,typical_high,0.937,0.7941795948793724,O,3,0.0020809400228358754
88a7c2a4,typical_high,0.937,0.7941795948793724,O,4,0.0033815432559549663
88a7c2a4,typical_high,0.937,0.7941795948793724,O,5,0.004727468123974177
88a7c2a4,typical_high,0.937,0.7941795948793724,O,6,0.010808966550030163
88a7c2a4,typical_high,0.937,0.7941795948793724,O,7,0.006622002907676006
88a7c2a4,typical_high,0.937,0.7941795948793724,O,8,0.0022534296906542295
88a7c2a4,typical_high,0.937,0.7941795948793724,O,9,0.0042716374184266215
88a7c2a4,typical_high,0.937,0.7941795948793724,O,10,0.008367795849153481
88a7c2a4,typical_high,0.937,0.7941795948793724,O,11,0.010405925681510553
88a7c2a4,typical_high,0.937,0.7941795948793724,O,12,0.008379258929153366
88a7c2a4,typical_high,0.937,0.7941795948793724,O,13,0.008307376241873499
88a7c2a4,typical_high,0.937,0.7941795948793724,O,14,0.012323498954174283
88a7c2a4,typical_high,0.937,0.7941795948793724,O,15,0.013164730796688673
88a7c2a4,typical_high,0.937,0.7941795948793724,gate,0,0.00437928874652016
88a7c2a4,typical_high,0.937,0.7941795948793724,gate,1,0.004103198418533793
88a7c2a4,typical_high,0.937,0.7941795948793724,gate,2,0.003837059069383031
88a7c2a4,typical_high,0.937,0.7941795948793724,gate,3,0.00836585818376534
88a7c2a4,typical_high,0.937,0.7941795948793724,gate,4,0.007584482673792081
88a7c2a4,typical_high,0.937,0.7941795948793724,gate,5,0.010205427451722926
88a7c2a4,typical_high,0.937,0.7941795948793724,gate,6,0.012317396401840597
88a7c2a4,typical_high,0.937,0.7941795948793724,gate,7,0.010210566412752087
88a7c2a4,typical_high,0.937,0.7941795948793724,gate,8,0.01220305521485443
88a7c2a4,typical_high,0.937,0.7941795948793724,gate,9,0.004429862114648131
88a7c2a4,typical_high,0.937,0.7941795948793724,gate,10,0.010358104285160152
88a7c2a4,typical_high,0.937,0.7941795948793724,gate,11,0.014227466269858269
88a7c2a4,typical_high,0.937,0.7941795948793724,gate,12,0.010785201845123993
88a7c2a4,typical_high,0.937,0.7941795948793724,gate,13,0.012255051028716935
88a7c2a4,typical_high,0.937,0.7941795948793724,gate,14,0.012086006621188972
88a7c2a4,typical_high,0.937,0.7941795948793724,gate,15,0.01491031008004029
88a7c2a4,typical_high,0.937,0.7941795948793724,up,0,0.002233215010846834
88a7c2a4,typical_high,0.937,0.7941795948793724,up,1,0.003829337812135236
88a7c2a4,typical_high,0.937,0.7941795948793724,up,2,0.00353168327410458
88a7c2a4,typical_high,0.937,0.7941795948793724,up,3,0.007898871322367995
88a7c2a4,typical_high,0.937,0.7941795948793724,up,4,0.006811683031060056
88a7c2a4,typical_high,0.937,0.7941795948793724,up,5,0.010056764486307657
88a7c2a4,typical_high,0.937,0.7941795948793724,up,6,0.010016722140335332
88a7c2a4,typical_high,0.937,0.7941795948793724,up,7,0.009625095576893727
88a7c2a4,typical_high,0.937,0.7941795948793724,up,8,0.012671193581809348
88a7c2a4,typical_high,0.937,0.7941795948793724,up,9,0.0191558030746819
88a7c2a4,typical_high,0.937,0.7941795948793724,up,10,0.007364513406116657
88a7c2a4,typical_high,0.937,0.7941795948793724,up,11,0.01603462639945974
88a7c2a4,typical_high,0.937,0.7941795948793724,up,12,0.01798877005290933
88a7c2a4,typical_high,0.937,0.7941795948793724,up,13,0.01914419688023372
88a7c2a4,typical_high,0.937,0.7941795948793724,up,14,0.016133735028688534
88a7c2a4,typical_high,0.937,0.7941795948793724,up,15,0.012501282188054574
88a7c2a4,typical_high,0.937,0.7941795948793724,down,0,0.005243932405790019
88a7c2a4,typical_high,0.937,0.7941795948793724,down,1,0.019331956342966805
88a7c2a4,typical_high,0.937,0.7941795948793724,down,2,0.017088422119059032
88a7c2a4,typical_high,0.937,0.7941795948793724,down,3,0.018061357885272855
88a7c2a4,typical_high,0.937,0.7941795948793724,down,4,0.019581424525625835
88a7c2a4,typical_high,0.937,0.7941795948793724,down,5,0.02333416348596984
88a7c2a4,typical_high,0.937,0.7941795948793724,down,6,0.025930205292922892
88a7c2a4,typical_high,0.937,0.7941795948793724,down,7,0.02292113047269595
88a7c2a4,typical_high,0.937,0.7941795948793724,down,8,0.01897891297176102
88a7c2a4,typical_high,0.937,0.7941795948793724,down,9,0.01897862865098432
88a7c2a4,typical_high,0.937,0.7941795948793724,down,10,0.021977661915116187
88a7c2a4,typical_high,0.937,0.7941795948793724,down,11,0.02120779613619561
88a7c2a4,typical_high,0.937,0.7941795948793724,down,12,0.019139050373723876
88a7c2a4,typical_high,0.937,0.7941795948793724,down,13,0.02366851090800992
88a7c2a4,typical_high,0.937,0.7941795948793724,down,14,0.021176226657189545
88a7c2a4,typical_high,0.937,0.7941795948793724,down,15,0.02247262869423139
e5050532,distinctive_low,0.5535,0.18338295870849772,Q,0,0.0038210134714518063
e5050532,distinctive_low,0.5535,0.18338295870849772,Q,1,0.03136484805509099
e5050532,distinctive_low,0.5535,0.18338295870849772,Q,2,0.019769526689287886
e5050532,distinctive_low,0.5535,0.18338295870849772,Q,3,-0.003142898255646287
e5050532,distinctive_low,0.5535,0.18338295870849772,Q,4,0.00004789223021361977
e5050532,distinctive_low,0.5535,0.18338295870849772,Q,5,0.0246485439688513
e5050532,distinctive_low,0.5535,0.18338295870849772,Q,6,0.023214002292661462
e5050532,distinctive_low,0.5535,0.18338295870849772,Q,7,-0.06937048444206084
e5050532,distinctive_low,0.5535,0.18338295870849772,Q,8,-0.08623921844719007
e5050532,distinctive_low,0.5535,0.18338295870849772,Q,9,-0.06043346813385142
e5050532,distinctive_low,0.5535,0.18338295870849772,Q,10,0.05980330197780859
e5050532,distinctive_low,0.5535,0.18338295870849772,Q,11,0.08582911629855516
e5050532,distinctive_low,0.5535,0.18338295870849772,Q,12,0.16137937282474013
e5050532,distinctive_low,0.5535,0.18338295870849772,Q,13,0.14400088597358263
e5050532,distinctive_low,0.5535,0.18338295870849772,Q,14,0.13526697419547418
e5050532,distinctive_low,0.5535,0.18338295870849772,Q,15,0.17818683450241224
e5050532,distinctive_low,0.5535,0.18338295870849772,K,0,0.01759953622422472
e5050532,distinctive_low,0.5535,0.18338295870849772,K,1,0.008838435405778
e5050532,distinctive_low,0.5535,0.18338295870849772,K,2,-0.02397499702692585
e5050532,distinctive_low,0.5535,0.18338295870849772,K,3,0.031133402855630266
e5050532,distinctive_low,0.5535,0.18338295870849772,K,4,0.029426084915030515
e5050532,distinctive_low,0.5535,0.18338295870849772,K,5,-0.011454507721282425
e5050532,distinctive_low,0.5535,0.18338295870849772,K,6,0.024285314917506184
e5050532,distinctive_low,0.5535,0.18338295870849772,K,7,0.04597112397868841
e5050532,distinctive_low,0.5535,0.18338295870849772,K,8,-0.010624960713357723
e5050532,distinctive_low,0.5535,0.18338295870849772,K,9,0.0018059484223158506
e5050532,distinctive_low,0.5535,0.18338295870849772,K,10,0.023102131597170228
e5050532,distinctive_low,0.5535,0.18338295870849772,K,11,0.021955650709060137
e5050532,distinctive_low,0.5535,0.18338295870849772,K,12,0.05799185582964128
e5050532,distinctive_low,0.5535,0.18338295870849772,K,13,0.061580564917676384
e5050532,distinctive_low,0.5535,0.18338295870849772,K,14,0.05529686392628719
e5050532,distinctive_low,0.5535,0.18338295870849772,K,15,0.1033739014146704
e5050532,distinctive_low,0.5535,0.18338295870849772,V,0,-0.014470124642684823
e5050532,distinctive_low,0.5535,0.18338295870849772,V,1,0.0023335585374297807
e5050532,distinctive_low,0.5535,0.18338295870849772,V,2,0.029957627301882894
e5050532,distinctive_low,0.5535,0.18338295870849772,V,3,0.0042845051484619034
e5050532,distinctive_low,0.5535,0.18338295870849772,V,4,0.014074289805648732
e5050532,distinctive_low,0.5535,0.18338295870849772,V,5,0.009507661501629627
e5050532,distinctive_low,0.5535,0.18338295870849772,V,6,-0.019875071307978942
e5050532,distinctive_low,0.5535,0.18338295870849772,V,7,0.020698377607914153
e5050532,distinctive_low,0.5535,0.18338295870849772,V,8,0.04559089287658935
e5050532,distinctive_low,0.5535,0.18338295870849772,V,9,0.0159065531579472
e5050532,distinctive_low,0.5535,0.18338295870849772,V,10,0.019614709108282113
e5050532,distinctive_low,0.5535,0.18338295870849772,V,11,0.08022870193508425
e5050532,distinctive_low,0.5535,0.18338295870849772,V,12,0.044922566163222655
e5050532,distinctive_low,0.5535,0.18338295870849772,V,13,0.012651872406422626
e5050532,distinctive_low,0.5535,0.18338295870849772,V,14,0.06464662162943569
e5050532,distinctive_low,0.5535,0.18338295870849772,V,15,0.05465392338010133
e5050532,distinctive_low,0.5535,0.18338295870849772,O,0,0.011724656675141887
e5050532,distinctive_low,0.5535,0.18338295870849772,O,1,0.054832535088280565
e5050532,distinctive_low,0.5535,0.18338295870849772,O,2,-0.008003604349596571
e5050532,distinctive_low,0.5535,0.18338295870849772,O,3,-0.014410313182452228
e5050532,distinctive_low,0.5535,0.18338295870849772,O,4,-0.034925191302590974
e5050532,distinctive_low,0.5535,0.18338295870849772,O,5,0.029527546699682716
e5050532,distinctive_low,0.5535,0.18338295870849772,O,6,-0.04729814848087699
e5050532,distinctive_low,0.5535,0.18338295870849772,O,7,-0.058072866031579906
e5050532,distinctive_low,0.5535,0.18338295870849772,O,8,0.030133876670333848
e5050532,distinctive_low,0.5535,0.18338295870849772,O,9,0.009983328803173208
e5050532,distinctive_low,0.5535,0.18338295870849772,O,10,0.021249056931083032
e5050532,distinctive_low,0.5535,0.18338295870849772,O,11,0.05165934723800092
e5050532,distinctive_low,0.5535,0.18338295870849772,O,12,0.05807562163613511
e5050532,distinctive_low,0.5535,0.18338295870849772,O,13,0.10140541216151178
e5050532,distinctive_low,0.5535,0.18338295870849772,O,14,0.10875017521175323
e5050532,distinctive_low,0.5535,0.18338295870849772,O,15,0.08988949505146593
e5050532,distinctive_low,0.5535,0.18338295870849772,gate,0,0.009376138170637205
e5050532,distinctive_low,0.5535,0.18338295870849772,gate,1,0.040428847768453124
e5050532,distinctive_low,0.5535,0.18338295870849772,gate,2,0.0520219187933435
e5050532,distinctive_low,0.5535,0.18338295870849772,gate,3,0.05531845749510467
e5050532,distinctive_low,0.5535,0.18338295870849772,gate,4,-0.06240951830659469
e5050532,distinctive_low,0.5535,0.18338295870849772,gate,5,0.0628284553404228
e5050532,distinctive_low,0.5535,0.18338295870849772,gate,6,-0.07686647218179132
e5050532,distinctive_low,0.5535,0.18338295870849772,gate,7,-0.15351365857713972
e5050532,distinctive_low,0.5535,0.18338295870849772,gate,8,-0.14761485579583677
e5050532,distinctive_low,0.5535,0.18338295870849772,gate,9,0.0005128061975483433
e5050532,distinctive_low,0.5535,0.18338295870849772,gate,10,0.05110216827233671
e5050532,distinctive_low,0.5535,0.18338295870849772,gate,11,0.09771568529322394
e5050532,distinctive_low,0.5535,0.18338295870849772,gate,12,0.056578214551336714
e5050532,distinctive_low,0.5535,0.18338295870849772,gate,13,0.12101530110567182
e5050532,distinctive_low,0.5535,0.18338295870849772,gate,14,0.061787580741793136
e5050532,distinctive_low,0.5535,0.18338295870849772,gate,15,0.09440097992501251
e5050532,distinctive_low,0.5535,0.18338295870849772,up,0,0.033385848786565475
e5050532,distinctive_low,0.5535,0.18338295870849772,up,1,0.023223023566060874
e5050532,distinctive_low,0.5535,0.18338295870849772,up,2,0.04101166707005177
e5050532,distinctive_low,0.5535,0.18338295870849772,up,3,-0.00877875445621612
e5050532,distinctive_low,0.5535,0.18338295870849772,up,4,-0.02200434417500219
e5050532,distinctive_low,0.5535,0.18338295870849772,up,5,-0.13791753032546694
e5050532,distinctive_low,0.5535,0.18338295870849772,up,6,-0.03895102196929656
e5050532,distinctive_low,0.5535,0.18338295870849772,up,7,-0.07907904583407799
e5050532,distinctive_low,0.5535,0.18338295870849772,up,8,0.014585900515157846
e5050532,distinctive_low,0.5535,0.18338295870849772,up,9,-0.24116391885763733
e5050532,distinctive_low,0.5535,0.18338295870849772,up,10,0.02893735293400823
e5050532,distinctive_low,0.5535,0.18338295870849772,up,11,0.13923084692578414
e5050532,distinctive_low,0.5535,0.18338295870849772,up,12,-0.03590833525231574
e5050532,distinctive_low,0.5535,0.18338295870849772,up,13,-0.0971801338835121
e5050532,distinctive_low,0.5535,0.18338295870849772,up,14,0.15909669679240324
e5050532,distinctive_low,0.5535,0.18338295870849772,up,15,-0.002116113970259903
e5050532,distinctive_low,0.5535,0.18338295870849772,down,0,0.10456772878205811
e5050532,distinctive_low,0.5535,0.18338295870849772,down,1,-0.268704684351178
e5050532,distinctive_low,0.5535,0.18338295870849772,down,2,-0.0029165499818191165
e5050532,distinctive_low,0.5535,0.18338295870849772,down,3,-0.04715103646231
e5050532,distinctive_low,0.5535,0.18338295870849772,down,4,-0.21857463397464016
e5050532,distinctive_low,0.5535,0.18338295870849772,down,5,-0.22663980181778243
e5050532,distinctive_low,0.5535,0.18338295870849772,down,6,-0.27354128452861914
e5050532,distinctive_low,0.5535,0.18338295870849772,down,7,-0.22262129994487623
e5050532,distinctive_low,0.5535,0.18338295870849772,down,8,-0.10202304251743044
e5050532,distinctive_low,0.5535,0.18338295870849772,down,9,-0.1338457575202483
e5050532,distinctive_low,0.5535,0.18338295870849772,down,10,-0.09908109637535745
e5050532,distinctive_low,0.5535,0.18338295870849772,down,11,0.02741918140964117
e5050532,distinctive_low,0.5535,0.18338295870849772,down,12,0.04803305421046389
e5050532,distinctive_low,0.5535,0.18338295870849772,down,13,0.13300613911633263
e5050532,distinctive_low,0.5535,0.18338295870849772,down,14,0.18445001974032493
e5050532,distinctive_low,0.5535,0.18338295870849772,down,15,0.18599933378573041
76aaf26f,distinctive_low,0.544,0.19532613834568302,Q,0,0.0059206237110629445
76aaf26f,distinctive_low,0.544,0.19532613834568302,Q,1,0.02878347195292008
76aaf26f,distinctive_low,0.544,0.19532613834568302,Q,2,0.030403109558392316
76aaf26f,distinctive_low,0.544,0.19532613834568302,Q,3,0.001089342534669413
76aaf26f,distinctive_low,0.544,0.19532613834568302,Q,4,-0.002696963973903621
76aaf26f,distinctive_low,0.544,0.19532613834568302,Q,5,-0.025318732802588784
76aaf26f,distinctive_low,0.544,0.19532613834568302,Q,6,0.009968102243874455
76aaf26f,distinctive_low,0.544,0.19532613834568302,Q,7,-0.09911284476584115
76aaf26f,distinctive_low,0.544,0.19532613834568302,Q,8,-0.10024547678949602
76aaf26f,distinctive_low,0.544,0.19532613834568302,Q,9,-0.07897703766411723
76aaf26f,distinctive_low,0.544,0.19532613834568302,Q,10,0.07855221717181848
76aaf26f,distinctive_low,0.544,0.19532613834568302,Q,11,0.10844065911987855
76aaf26f,distinctive_low,0.544,0.19532613834568302,Q,12,0.16289430373944924
76aaf26f,distinctive_low,0.544,0.19532613834568302,Q,13,0.1336457908328157
76aaf26f,distinctive_low,0.544,0.19532613834568302,Q,14,0.1632519659897298
76aaf26f,distinctive_low,0.544,0.19532613834568302,Q,15,0.170133803076169
76aaf26f,distinctive_low,0.544,0.19532613834568302,K,0,0.006851976637335611
76aaf26f,distinctive_low,0.544,0.19532613834568302,K,1,-0.00644712257781066
76aaf26f,distinctive_low,0.544,0.19532613834568302,K,2,-0.006494974102679407
76aaf26f,distinctive_low,0.544,0.19532613834568302,K,3,0.023550045691081323
76aaf26f,distinctive_low,0.544,0.19532613834568302,K,4,-0.005997427406327915
76aaf26f,distinctive_low,0.544,0.19532613834568302,K,5,0.009948097453161608
76aaf26f,distinctive_low,0.544,0.19532613834568302,K,6,-0.013406545725956676
76aaf26f,distinctive_low,0.544,0.19532613834568302,K,7,-0.011152903432957828
76aaf26f,distinctive_low,0.544,0.19532613834568302,K,8,0.05577605684948139
76aaf26f,distinctive_low,0.544,0.19532613834568302,K,9,-0.0252231573804238
76aaf26f,distinctive_low,0.544,0.19532613834568302,K,10,0.00818923683527828
76aaf26f,distinctive_low,0.544,0.19532613834568302,K,11,0.08872952606725448
76aaf26f,distinctive_low,0.544,0.19532613834568302,K,12,0.051930244715549634
76aaf26f,distinctive_low,0.544,0.19532613834568302,K,13,0.06651619659533026
76aaf26f,distinctive_low,0.544,0.19532613834568302,K,14,0.08639006077464728
76aaf26f,distinctive_low,0.544,0.19532613834568302,K,15,0.10510727225482697
76aaf26f,distinctive_low,0.544,0.19532613834568302,V,0,0.028565245203935774
76aaf26f,distinctive_low,0.544,0.19532613834568302,V,1,0.034047579255457094
76aaf26f,distinctive_low,0.544,0.19532613834568302,V,2,0.005474511515785707
76aaf26f,distinctive_low,0.544,0.19532613834568302,V,3,0.048904311703154235
76aaf26f,distinctive_low,0.544,0.19532613834568302,V,4,0.05829727736818313
76aaf26f,distinctive_low,0.544,0.19532613834568302,V,5,0.00005825271819048794
76aaf26f,distinctive_low,0.544,0.19532613834568302,V,6,-0.004625648966339213
76aaf26f,distinctive_low,0.544,0.19532613834568302,V,7,0.0005616921653199825
76aaf26f,distinctive_low,0.544,0.19532613834568302,V,8,0.05861205290511862
76aaf26f,distinctive_low,0.544,0.19532613834568302,V,9,0.02922187906506224
76aaf26f,distinctive_low,0.544,0.19532613834568302,V,10,0.01781080811224456
76aaf26f,distinctive_low,0.544,0.19532613834568302,V,11,0.06783645090945356
76aaf26f,distinctive_low,0.544,0.19532613834568302,V,12,0.10004348458096501
76aaf26f,distinctive_low,0.544,0.19532613834568302,V,13,0.034645115072635235
76aaf26f,distinctive_low,0.544,0.19532613834568302,V,14,0.05679961836540315
76aaf26f,distinctive_low,0.544,0.19532613834568302,V,15,0.09148303217443754
76aaf26f,distinctive_low,0.544,0.19532613834568302,O,0,0.0039124680779423215
76aaf26f,distinctive_low,0.544,0.19532613834568302,O,1,0.03350243074783066
76aaf26f,distinctive_low,0.544,0.19532613834568302,O,2,0.020790021071661613
76aaf26f,distinctive_low,0.544,0.19532613834568302,O,3,0.021075545443636656
76aaf26f,distinctive_low,0.544,0.19532613834568302,O,4,0.012877836072220816
76aaf26f,distinctive_low,0.544,0.19532613834568302,O,5,0.03795846497632738
76aaf26f,distinctive_low,0.544,0.19532613834568302,O,6,0.011247059714150964
76aaf26f,distinctive_low,0.544,0.19532613834568302,O,7,-0.01095107096261927
76aaf26f,distinctive_low,0.544,0.19532613834568302,O,8,0.003998260097432649
76aaf26f,distinctive_low,0.544,0.19532613834568302,O,9,0.040647751172400604
76aaf26f,distinctive_low,0.544,0.19532613834568302,O,10,-0.00022684071336698253
76aaf26f,distinctive_low,0.544,0.19532613834568302,O,11,0.08859792582006776
76aaf26f,distinctive_low,0.544,0.19532613834568302,O,12,0.09032659874173987
76aaf26f,distinctive_low,0.544,0.19532613834568302,O,13,0.09391167153808055
76aaf26f,distinctive_low,0.544,0.19532613834568302,O,14,0.10388569085262134
76aaf26f,distinctive_low,0.544,0.19532613834568302,O,15,0.12911620552040404
76aaf26f,distinctive_low,0.544,0.19532613834568302,gate,0,0.032175306101635215
76aaf26f,distinctive_low,0.544,0.19532613834568302,gate,1,0.03964994177067638
76aaf26f,distinctive_low,0.544,0.19532613834568302,gate,2,0.03454777931165154
76aaf26f,distinctive_low,0.544,0.19532613834568302,gate,3,-0.03705031871686515
76aaf26f,distinctive_low,0.544,0.19532613834568302,gate,4,-0.08262600003945408
76aaf26f,distinctive_low,0.544,0.19532613834568302,gate,5,0.07141128671355546
76aaf26f,distinctive_low,0.544,0.19532613834568302,gate,6,-0.12146630948382153
76aaf26f,distinctive_low,0.544,0.19532613834568302,gate,7,-0.17407575937113506
76aaf26f,distinctive_low,0.544,0.19532613834568302,gate,8,-0.1139472159984507
76aaf26f,distinctive_low,0.544,0.19532613834568302,gate,9,-0.03626791561464415
76aaf26f,distinctive_low,0.544,0.19532613834568302,gate,10,0.007843669862268143
76aaf26f,distinctive_low,0.544,0.19532613834568302,gate,11,0.11492467377320281
76aaf26f,distinctive_low,0.544,0.19532613834568302,gate,12,0.019679597161484708
76aaf26f,distinctive_low,0.544,0.19532613834568302,gate,13,0.10854135210411187
76aaf26f,distinctive_low,0.544,0.19532613834568302,gate,14,0.021948433108264
76aaf26f,distinctive_low,0.544,0.19532613834568302,gate,15,0.01539505511027528
76aaf26f,distinctive_low,0.544,0.19532613834568302,up,0,-0.018916339963425344
76aaf26f,distinctive_low,0.544,0.19532613834568302,up,1,0.004283296088033239
76aaf26f,distinctive_low,0.544,0.19532613834568302,up,2,0.042003774196928134
76aaf26f,distinctive_low,0.544,0.19532613834568302,up,3,-0.05669718615399688
76aaf26f,distinctive_low,0.544,0.19532613834568302,up,4,-0.06974066137627233
76aaf26f,distinctive_low,0.544,0.19532613834568302,up,5,-0.09499104594578966
76aaf26f,distinctive_low,0.544,0.19532613834568302,up,6,-0.07986408706528891
76aaf26f,distinctive_low,0.544,0.19532613834568302,up,7,-0.12551070039444312
76aaf26f,distinctive_low,0.544,0.19532613834568302,up,8,-0.062197617700803676
76aaf26f,distinctive_low,0.544,0.19532613834568302,up,9,-0.23243396394173033
76aaf26f,distinctive_low,0.544,0.19532613834568302,up,10,0.03800932532976731
76aaf26f,distinctive_low,0.544,0.19532613834568302,up,11,0.1611696586078324
76aaf26f,distinctive_low,0.544,0.19532613834568302,up,12,0.0371174026713561
76aaf26f,distinctive_low,0.544,0.19532613834568302,up,13,0.008082330728939269
76aaf26f,distinctive_low,0.544,0.19532613834568302,up,14,0.17682460791456833
76aaf26f,distinctive_low,0.544,0.19532613834568302,up,15,0.037450187675858615
76aaf26f,distinctive_low,0.544,0.19532613834568302,down,0,0.03802139111303404
76aaf26f,distinctive_low,0.544,0.19532613834568302,down,1,-0.23311092975200154
76aaf26f,distinctive_low,0.544,0.19532613834568302,down,2,-0.07371202909598651
76aaf26f,distinctive_low,0.544,0.19532613834568302,down,3,-0.1012329787172348
76aaf26f,distinctive_low,0.544,0.19532613834568302,down,4,-0.2286386595978911
76aaf26f,distinctive_low,0.544,0.19532613834568302,down,5,-0.24185399935231544
76aaf26f,distinctive_low,0.544,0.19532613834568302,down,6,-0.27370939363072466
76aaf26f,distinctive_low,0.544,0.19532613834568302,down,7,-0.23722481369622983
76aaf26f,distinctive_low,0.544,0.19532613834568302,down,8,-0.17426320601953194
76aaf26f,distinctive_low,0.544,0.19532613834568302,down,9,-0.17318163326126523
76aaf26f,distinctive_low,0.544,0.19532613834568302,down,10,-0.08661599421611754
76aaf26f,distinctive_low,0.544,0.19532613834568302,down,11,0.09164380044603604
76aaf26f,distinctive_low,0.544,0.19532613834568302,down,12,0.12040175472793635
76aaf26f,distinctive_low,0.544,0.19532613834568302,down,13,0.18455601812456734
76aaf26f,distinctive_low,0.544,0.19532613834568302,down,14,0.21074782958021387
76aaf26f,distinctive_low,0.544,0.19532613834568302,down,15,0.1825329262210289
0ed6e74a,distinctive_low,0.558,0.2672462554835578,Q,0,0.002717977929933113
0ed6e74a,distinctive_low,0.558,0.2672462554835578,Q,1,0.012207095161102188
0ed6e74a,distinctive_low,0.558,0.2672462554835578,Q,2,-0.003725611953996122
0ed6e74a,distinctive_low,0.558,0.2672462554835578,Q,3,-0.005099932994880874
0ed6e74a,distinctive_low,0.558,0.2672462554835578,Q,4,-0.0005952793426331482
0ed6e74a,distinctive_low,0.558,0.2672462554835578,Q,5,0.005110831104047975
0ed6e74a,distinctive_low,0.558,0.2672462554835578,Q,6,0.022149236632685643
0ed6e74a,distinctive_low,0.558,0.2672462554835578,Q,7,-0.02837833379271615
0ed6e74a,distinctive_low,0.558,0.2672462554835578,Q,8,-0.027852862033796555
0ed6e74a,distinctive_low,0.558,0.2672462554835578,Q,9,-0.021627519763512737
0ed6e74a,distinctive_low,0.558,0.2672462554835578,Q,10,0.05130401383667049
0ed6e74a,distinctive_low,0.558,0.2672462554835578,Q,11,0.05074896925179928
0ed6e74a,distinctive_low,0.558,0.2672462554835578,Q,12,0.09339650557376444
0ed6e74a,distinctive_low,0.558,0.2672462554835578,Q,13,0.08600270994338644
0ed6e74a,distinctive_low,0.558,0.2672462554835578,Q,14,0.09597871801543079
0ed6e74a,distinctive_low,0.558,0.2672462554835578,Q,15,0.09090127531817416
0ed6e74a,distinctive_low,0.558,0.2672462554835578,K,0,-0.0008973820931714727
0ed6e74a,distinctive_low,0.558,0.2672462554835578,K,1,0.009079873549126205
0ed6e74a,distinctive_low,0.558,0.2672462554835578,K,2,-0.0010782063618535176
0ed6e74a,distinctive_low,0.558,0.2672462554835578,K,3,0.002598226850750507
0ed6e74a,distinctive_low,0.558,0.2672462554835578,K,4,0.0026360790889157215
0ed6e74a,distinctive_low,0.558,0.2672462554835578,K,5,0.016527149972262123
0ed6e74a,distinctive_low,0.558,0.2672462554835578,K,6,0.0020617662185031804
0ed6e74a,distinctive_low,0.558,0.2672462554835578,K,7,0.005741158636737964
0ed6e74a,distinctive_low,0.558,0.2672462554835578,K,8,0.015745792044072005
0ed6e74a,distinctive_low,0.558,0.2672462554835578,K,9,0.00512728755165881
0ed6e74a,distinctive_low,0.558,0.2672462554835578,K,10,0.01985345877801592
0ed6e74a,distinctive_low,0.558,0.2672462554835578,K,11,0.03919798304377764
0ed6e74a,distinctive_low,0.558,0.2672462554835578,K,12,0.03290963081053633
0ed6e74a,distinctive_low,0.558,0.2672462554835578,K,13,0.0471244385225873
0ed6e74a,distinctive_low,0.558,0.2672462554835578,K,14,0.040998606198627385
0ed6e74a,distinctive_low,0.558,0.2672462554835578,K,15,0.05326295808299619
0ed6e74a,distinctive_low,0.558,0.2672462554835578,V,0,0.001773214873537654
0ed6e74a,distinctive_low,0.558,0.2672462554835578,V,1,0.003134507467621006
0ed6e74a,distinctive_low,0.558,0.2672462554835578,V,2,0.005843153450314276
0ed6e74a,distinctive_low,0.558,0.2672462554835578,V,3,0.021641642748363665
0ed6e74a,distinctive_low,0.558,0.2672462554835578,V,4,0.015016052087958087
0ed6e74a,distinctive_low,0.558,0.2672462554835578,V,5,0.001166823403309536
0ed6e74a,distinctive_low,0.558,0.2672462554835578,V,6,0.02381889968410178
0ed6e74a,distinctive_low,0.558,0.2672462554835578,V,7,-0.0024056791844486725
0ed6e74a,distinctive_low,0.558,0.2672462554835578,V,8,0.0074888734598062
0ed6e74a,distinctive_low,0.558,0.2672462554835578,V,9,0.015126747050089762
0ed6e74a,distinctive_low,0.558,0.2672462554835578,V,10,0.018799271963416686
0ed6e74a,distinctive_low,0.558,0.2672462554835578,V,11,0.03667147689884587
0ed6e74a,distinctive_low,0.558,0.2672462554835578,V,12,0.05213926910982991
0ed6e74a,distinctive_low,0.558,0.2672462554835578,V,13,0.015066989137608289
0ed6e74a,distinctive_low,0.558,0.2672462554835578,V,14,0.04472455511131557
0ed6e74a,distinctive_low,0.558,0.2672462554835578,V,15,0.03245747376149666
0ed6e74a,distinctive_low,0.558,0.2672462554835578,O,0,-0.003029336517329284
0ed6e74a,distinctive_low,0.558,0.2672462554835578,O,1,0.030820675567156286
0ed6e74a,distinctive_low,0.558,0.2672462554835578,O,2,0.004036281886016013
0ed6e74a,distinctive_low,0.558,0.2672462554835578,O,3,0.006474914744103444
0ed6e74a,distinctive_low,0.558,0.2672462554835578,O,4,0.006702333983866993
0ed6e74a,distinctive_low,0.558,0.2672462554835578,O,5,0.02069148041528024
0ed6e74a,distinctive_low,0.558,0.2672462554835578,O,6,-0.004042924940222292
0ed6e74a,distinctive_low,0.558,0.2672462554835578,O,7,0.0008835767571326869
0ed6e74a,distinctive_low,0.558,0.2672462554835578,O,8,0.002800887063301616
0ed6e74a,distinctive_low,0.558,0.2672462554835578,O,9,-0.011027725402527722
0ed6e74a,distinctive_low,0.558,0.2672462554835578,O,10,0.03011733140647266
0ed6e74a,distinctive_low,0.558,0.2672462554835578,O,11,0.04339741180592682
0ed6e74a,distinctive_low,0.558,0.2672462554835578,O,12,0.0885504881516681
0ed6e74a,distinctive_low,0.558,0.2672462554835578,O,13,0.06299049175686378
0ed6e74a,distinctive_low,0.558,0.2672462554835578,O,14,0.06691956421855139
0ed6e74a,distinctive_low,0.558,0.2672462554835578,O,15,0.06474839231941587
0ed6e74a,distinctive_low,0.558,0.2672462554835578,gate,0,0.015310214445435122
0ed6e74a,distinctive_low,0.558,0.2672462554835578,gate,1,0.02408840366433651
0ed6e74a,distinctive_low,0.558,0.2672462554835578,gate,2,0.04227714565604401
0ed6e74a,distinctive_low,0.558,0.2672462554835578,gate,3,0.007917873334463366
0ed6e74a,distinctive_low,0.558,0.2672462554835578,gate,4,-0.046640965645110555
0ed6e74a,distinctive_low,0.558,0.2672462554835578,gate,5,0.051257980007903825
0ed6e74a,distinctive_low,0.558,0.2672462554835578,gate,6,-0.0649831987102516
0ed6e74a,distinctive_low,0.558,0.2672462554835578,gate,7,-0.09059997998338076
0ed6e74a,distinctive_low,0.558,0.2672462554835578,gate,8,-0.05643079064611811
0ed6e74a,distinctive_low,0.558,0.2672462554835578,gate,9,-0.016140669124069973
0ed6e74a,distinctive_low,0.558,0.2672462554835578,gate,10,0.027709039692354054
0ed6e74a,distinctive_low,0.558,0.2672462554835578,gate,11,0.060360659729212784
0ed6e74a,distinctive_low,0.558,0.2672462554835578,gate,12,0.00871160406677518
0ed6e74a,distinctive_low,0.558,0.2672462554835578,gate,13,0.04991007817511672
0ed6e74a,distinctive_low,0.558,0.2672462554835578,gate,14,0.009315934401456616
0ed6e74a,distinctive_low,0.558,0.2672462554835578,gate,15,0.024448940650017903
0ed6e74a,distinctive_low,0.558,0.2672462554835578,up,0,0.008134985844662879
0ed6e74a,distinctive_low,0.558,0.2672462554835578,up,1,0.012241093547345372
0ed6e74a,distinctive_low,0.558,0.2672462554835578,up,2,0.037184802118645166
0ed6e74a,distinctive_low,0.558,0.2672462554835578,up,3,-0.01908484495288576
0ed6e74a,distinctive_low,0.558,0.2672462554835578,up,4,-0.005511436619144661
0ed6e74a,distinctive_low,0.558,0.2672462554835578,up,5,-0.055026040367010864
0ed6e74a,distinctive_low,0.558,0.2672462554835578,up,6,-0.04543495702637301
0ed6e74a,distinctive_low,0.558,0.2672462554835578,up,7,-0.06268561524370853
0ed6e74a,distinctive_low,0.558,0.2672462554835578,up,8,-0.04545825893364963
0ed6e74a,distinctive_low,0.558,0.2672462554835578,up,9,-0.15010102841051776
0ed6e74a,distinctive_low,0.558,0.2672462554835578,up,10,0.022490204169116623
0ed6e74a,distinctive_low,0.558,0.2672462554835578,up,11,0.08316755404428022
0ed6e74a,distinctive_low,0.558,0.2672462554835578,up,12,-0.01783266912752879
0ed6e74a,distinctive_low,0.558,0.2672462554835578,up,13,-0.005228379667414629
0ed6e74a,distinctive_low,0.558,0.2672462554835578,up,14,0.09437273212097352
0ed6e74a,distinctive_low,0.558,0.2672462554835578,up,15,0.008675407692862791
0ed6e74a,distinctive_low,0.558,0.2672462554835578,down,0,0.02068608389890869
0ed6e74a,distinctive_low,0.558,0.2672462554835578,down,1,-0.14693177487060893
0ed6e74a,distinctive_low,0.558,0.2672462554835578,down,2,0.0018309457191207912
0ed6e74a,distinctive_low,0.558,0.2672462554835578,down,3,0.0017801261274144053
0ed6e74a,distinctive_low,0.558,0.2672462554835578,down,4,-0.09907114652264681
0ed6e74a,distinctive_low,0.558,0.2672462554835578,down,5,-0.13470688744928339
0ed6e74a,distinctive_low,0.558,0.2672462554835578,down,6,-0.14248848987335805
0ed6e74a,distinctive_low,0.558,0.2672462554835578,down,7,-0.13423071982106194
0ed6e74a,distinctive_low,0.558,0.2672462554835578,down,8,-0.07496739788621198
0ed6e74a,distinctive_low,0.558,0.2672462554835578,down,9,-0.0710829466179348
0ed6e74a,distinctive_low,0.558,0.2672462554835578,down,10,-0.014457159009907627
0ed6e74a,distinctive_low,0.558,0.2672462554835578,down,11,0.05792502362965024
0ed6e74a,distinctive_low,0.558,0.2672462554835578,down,12,0.06286507111508399
0ed6e74a,distinctive_low,0.558,0.2672462554835578,down,13,0.10779578668734757
0ed6e74a,distinctive_low,0.558,0.2672462554835578,down,14,0.1235353592546744
0ed6e74a,distinctive_low,0.558,0.2672462554835578,down,15,0.11621941248995427
