adapter_idx,pool,source,label,label_noise,shards_total,epochs,accuracy,f1_macro,nll,brier,auroc,mean_confidence,adapter_qname,error
0,test,parent,test-sst2-i000,0.0,256,2,0.875,0.8698457620218263,0.31882187701111786,0.09491916260662754,0.9624517507582023,0.8034651779575539,glad/sft-model-7eea728e:v0,
1,train,parent,train-sst2-i001,0.0,256,2,0.8925,0.8901422045291558,0.34975362878091254,0.1013144685357851,0.9586404661120032,0.7549137331082811,glad/sft-model-66a6398f:v0,
2,train,parent,train-sst2-i002,0.0,256,2,0.558,0.3581514762516046,0.7029797023087649,0.25676496535162535,0.8914473150716035,0.7712224683892975,glad/sft-model-5931c539:v0,
3,train,parent,train-sst2-i003,0.0,256,2,0.864,0.8609543439498781,0.5353335282991477,0.1737328211451984,0.9402064175546149,0.6034195587907675,glad/sft-model-b8d03656:v0,
4,test,parent,test-sst2-i004,0.0,256,2,0.8905,0.8892197962706527,0.45457521428027253,0.13868466489697506,0.956150460597804,0.6601197809833493,glad/sft-model-f0fd62e5:v0,
5,train,parent,train-sst2-i005,0.0,256,2,0.906,0.904603296869466,0.25303717504987,0.07168554926369952,0.9648763765224866,0.9412143127139536,glad/sft-model-96b65e62:v0,
6,train,parent,train-sst2-i006,0.0,256,2,0.874,0.8697809011988424,0.34366674507313255,0.10257468483941197,0.9551195891921698,0.77571966597694,glad/sft-model-166677f9:v0,
7,train,parent,train-sst2-i007,0.0,256,2,0.558,0.3581514762516046,0.8240125818868284,0.3011180093179462,0.8755798018131983,0.8395681416794623,glad/sft-model-65f5daf3:v0,
8,test,parent,test-sst2-i008,0.0,256,2,0.558,0.3581514762516046,0.7628112485749664,0.2803590304226117,0.8918411140303931,0.8123128861169104,glad/sft-model-975b1bd0:v0,
9,test,parent,test-sst2-i009,0.0,128,2,0.9055,0.9031583445610729,0.24511264614062697,0.07223219316272642,0.9679355406347816,0.8991255331341294,glad/sft-model-cb2ae893:v0,
10,train,parent,train-sst2-i010,0.0,128,2,0.915,0.9139396504329849,0.22322740873284566,0.0647853676873221,0.9697570508765956,0.9243673840797351,glad/sft-model-6bea376b:v0,
11,train,parent,train-sst2-i011,0.0,128,2,0.9045,0.9033623575132352,0.27215213423843654,0.07308200751302368,0.9642448790930763,0.9525615841498324,glad/sft-model-dd13b11d:v0,
12,train,parent,train-sst2-i012,0.0,128,2,0.91,0.9085481097910426,0.23886326744499586,0.06920454243032664,0.9666669707585267,0.9329112834964598,glad/sft-model-918fc570:v0,
13,test,parent,test-sst2-i013,0.0,128,2,0.897,0.8940450216076148,0.3289007226293155,0.08478247275400912,0.9624101915373263,0.9489502420703514,glad/sft-model-a765e51d:v0,
14,train,parent,train-sst2-i014,0.0,128,2,0.906,0.9040376662368779,0.25802504949831373,0.07295394192419392,0.9640685058142364,0.9181418792022796,glad/sft-model-1c2de3d6:v0,
15,train,parent,train-sst2-i015,0.0,128,2,0.8955,0.8938277606877726,0.3549274884769222,0.08391310098469906,0.9589572284662418,0.9656171390709524,glad/sft-model-dd93ea80:v0,
16,train,parent,train-sst2-i016,0.0,128,2,0.869,0.8650063477931114,0.5040027733579113,0.1598919237565829,0.9483550657649329,0.6263197147216515,glad/sft-model-8d3c9eac:v0,
17,test,parent,test-sst2-i017,0.0,128,2,0.853,0.8440152801358234,0.4939334123134646,0.1234228663041769,0.9553101534244799,0.9503115301666607,glad/sft-model-1ca2248a:v0,
18,test,parent,test-sst2-i018,0.48,32,2,0.5535,0.4074223502638231,0.686463542128772,0.24666319015409882,0.5240070387129211,0.5404347977963497,glad/sft-model-e8c7eed6:v0,
19,train,parent,train-sst2-i019,0.48,32,2,0.7425,0.7121939510992374,0.6318669148888796,0.2196787522480609,0.8821649110429945,0.5484246740587428,glad/sft-model-9af9afab:v0,
20,train,parent,train-sst2-i020,0.48,32,2,0.442,0.3065187239944521,0.7620164583043285,0.28334219966729585,0.4908149053666131,0.6321132029079516,glad/sft-model-322d3569:v0,
21,train,parent,train-sst2-i021,0.48,32,2,0.6985,0.6391683638619038,0.6016831896627332,0.20540795211720608,0.9230566502862517,0.586150946811118,glad/sft-model-fcd5b999:v0,
22,test,parent,test-sst2-i022,0.48,32,2,0.5075,0.44333912882291093,0.6896952271406663,0.24827823768038138,0.6619299291263238,0.5188732489757917,glad/sft-model-b8199340:v0,
23,train,parent,train-sst2-i023,0.48,32,2,0.4765,0.46878664934515396,0.6987103115964479,0.25276224285821614,0.4952196759597139,0.527772682160894,glad/sft-model-ee861cd4:v0,
24,train,parent,train-sst2-i024,0.48,32,2,0.558,0.3581514762516046,0.684796380101409,0.24584135943692906,0.5470354084561865,0.559314442955988,glad/sft-model-38397223:v0,
25,train,parent,train-sst2-i025,0.48,32,2,0.5935,0.5485639419196694,0.6858967575354455,0.2463775177950641,0.6093402828459754,0.5150686977537238,glad/sft-model-217aaaa8:v0,
26,test,parent,test-sst2-i026,0.48,32,2,0.558,0.3581514762516046,0.6816889938447105,0.24433286145446767,0.6229646118166042,0.5750093632277906,glad/sft-model-3f9bba44:v0,
27,test,parent,test-sst2-i027,0.45,32,2,0.544,0.411858784198606,0.6904647579630553,0.2486581529358283,0.4796354749509399,0.5244363709973495,glad/sft-model-a6648326:v0,
28,train,parent,train-sst2-i028,0.45,32,2,0.5585,0.36043018494287515,0.6853092779066947,0.2460897417285065,0.568379109294669,0.5356900053329872,glad/sft-model-ecc4f256:v0,
29,train,parent,train-sst2-i029,0.45,32,2,0.558,0.3581514762516046,0.6861155570945016,0.2465203250748464,0.6136457167647869,0.6109505240949585,glad/sft-model-69078c36:v0,
30,train,parent,train-sst2-i030,0.45,32,2,0.589,0.43667763157894735,0.6679712605891294,0.2374778021880456,0.8060932913281111,0.5371464134626165,glad/sft-model-ce475a8d:v0,
31,test,parent,test-sst2-i031,0.45,32,2,0.4475,0.31891844248666884,0.7037772137016826,0.25529933392420434,0.517677366645583,0.5376369861827898,glad/sft-model-b0e49ebe:v0,
32,train,parent,train-sst2-i032,0.45,32,2,0.5585,0.3593963961513,0.6828797147228647,0.24488608516189744,0.6049238553982387,0.540849397761187,glad/sft-model-9a6c8726:v0,
33,train,parent,train-sst2-i033,0.45,32,2,0.733,0.7282652944912149,0.5555232127587351,0.18712601359092584,0.9277979492044957,0.6272256983960058,glad/sft-model-549902d5:v0,
34,train,parent,train-sst2-i034,0.45,32,2,0.778,0.7516011654604777,0.6001932810590815,0.20417606459988952,0.9496018423912161,0.5681252462102698,glad/sft-model-3d2e1c89:v0,
35,test,parent,test-sst2-i035,0.45,32,2,0.4415,0.30627818244883803,0.7102783983161516,0.2585347253539152,0.6362326464911854,0.5637784679321446,glad/sft-model-2faa1916:v0,
36,test,parent,test-sst2-i036,0.4,64,2,0.5595,0.5289927421577425,0.6793230688504328,0.24314173868880307,0.7010802356509188,0.537941189197857,glad/sft-model-0ca3c8e3:v0,
37,train,parent,train-sst2-i037,0.4,64,2,0.909,0.9071002939101691,0.49150742158356925,0.15332386119122707,0.9690155735577937,0.6265033811459292,glad/sft-model-d970f268:v0,
38,train,parent,train-sst2-i038,0.4,64,2,0.4415,0.3158888040640003,0.7073996569988269,0.2570911111106006,0.5395126826578439,0.549422036656744,glad/sft-model-b98ebea0:v0,
39,train,parent,train-sst2-i039,0.4,64,2,0.691,0.6285611251352325,0.6111336046809857,0.21001256659782705,0.8838196775815371,0.580545228382212,glad/sft-model-ee390538:v0,
40,test,parent,test-sst2-i040,0.4,64,2,0.6505,0.6479865358626936,0.686058059206844,0.24645675301043518,0.6963637709012472,0.5084446518095687,glad/sft-model-ad53fc88:v0,
41,train,parent,train-sst2-i041,0.4,64,2,0.8335,0.8331987151792926,0.5392287795335772,0.17637882982451666,0.9264579177411246,0.6082716555686603,glad/sft-model-9948882a:v0,
42,train,parent,train-sst2-i042,0.4,64,2,0.4435,0.3218771391257699,0.7115229301323531,0.2591436851499844,0.5877284743508653,0.5689045723973505,glad/sft-model-4c5cf6d7:v0,
43,train,parent,train-sst2-i043,0.4,64,2,0.5585,0.3593963961513,0.6715598297353561,0.23937011730733793,0.7331178335684976,0.5736335976870897,glad/sft-model-2e96a08f:v0,
44,test,parent,test-sst2-i044,0.4,64,2,0.7995,0.7819770010202498,0.5404317406536758,0.17692173950925894,0.9389241635446568,0.6124902643797582,glad/sft-model-ae326b26:v0,
45,test,parent,test-sst2-i045,0.4,32,2,0.684,0.6421436951607862,0.6567419245634949,0.23191093438510293,0.785038477756694,0.5377442350384861,glad/sft-model-334a721c:v0,
46,train,parent,train-sst2-i046,0.4,32,2,0.797,0.791936568326801,0.5968050973902439,0.2026949053215781,0.8771889545727307,0.5695528564326205,glad/sft-model-ca2dcd71:v0,
47,train,parent,train-sst2-i047,0.4,32,2,0.8535,0.8521229317713881,0.5174715649617171,0.16607658924742633,0.9310497048281678,0.6200864776046514,glad/sft-model-6e200492:v0,
48,train,parent,train-sst2-i048,0.4,32,2,0.621,0.5037994040355903,0.6585912786333126,0.2328420855290339,0.8423106318623397,0.5428506246005195,glad/sft-model-b654e652:v0,
49,test,parent,test-sst2-i049,0.4,32,2,0.89,0.8892914653784219,0.5211956556905566,0.1668401356185277,0.9594802664655605,0.6084558018919068,glad/sft-model-00ad9fb2:v0,
50,train,parent,train-sst2-i050,0.4,32,2,0.5655,0.37755152838318473,0.6599698795746686,0.23363645877473554,0.8310120988014725,0.5619812751318939,glad/sft-model-077cc75a:v0,
51,train,parent,train-sst2-i051,0.4,32,2,0.9,0.8985141456058148,0.5776190885069329,0.19304169844058044,0.9648814447201544,0.5682252563184012,glad/sft-model-6d746eee:v0,
52,train,parent,train-sst2-i052,0.4,32,2,0.5735,0.39563018660715077,0.6366867667579164,0.22244308328093126,0.942111046238181,0.584067180976472,glad/sft-model-f4f2fb76:v0,
53,test,parent,test-sst2-i053,0.4,32,2,0.7645,0.7589677679519757,0.6503884755283532,0.22873451787174964,0.8214382734069641,0.5339605926029545,glad/sft-model-97f8ec96:v0,
54,test,parent,test-sst2-i054,0.0,128,3,0.91,0.9092317374255701,0.22977268781762156,0.06802584129298556,0.9682056755704762,0.9113879573148919,glad/sft-model-04dcc4b0:v0,
55,train,parent,train-sst2-i055,0.0,128,3,0.9105,0.9099450589394497,0.26775775313988315,0.0714776330837018,0.9708887794158193,0.9517658962448993,glad/sft-model-5ca6366a:v0,
56,train,parent,train-sst2-i056,0.0,128,3,0.9105,0.9089006368049062,0.2592888367210618,0.06957112538611815,0.9675402212166917,0.9397812272433913,glad/sft-model-bc00228a:v0,
57,train,parent,train-sst2-i057,0.0,128,3,0.916,0.9145333060653882,0.28564350983970965,0.07092204823768618,0.9674038866994275,0.9679150022018816,glad/sft-model-c3452db1:v0,
58,test,parent,test-sst2-i058,0.0,128,3,0.9225,0.9216443365663891,0.29956257972211003,0.06836004504538058,0.9716586386415609,0.9782510201830742,glad/sft-model-51a1f90d:v0,
59,train,parent,train-sst2-i059,0.0,128,3,0.8735,0.8733122170336982,0.33035502378001375,0.09599647970930057,0.9535565570314147,0.9367384113804011,glad/sft-model-f1f4e6fd:v0,
60,train,parent,train-sst2-i060,0.0,128,3,0.9225,0.9210721759306291,0.30602028808654536,0.06830967775020746,0.9701295634051803,0.9821073579277582,glad/sft-model-21952962:v0,
61,train,parent,train-sst2-i061,0.0,128,3,0.906,0.9053945249597424,0.26094198400011415,0.0729161646003057,0.9665392521772976,0.95133741818288,glad/sft-model-9f5e5310:v0,
62,test,parent,test-sst2-i062,0.0,128,3,0.8755,0.870010511399008,0.30444254043533875,0.09282085635550175,0.9626331922347103,0.844018647194612,glad/sft-model-f9c91783:v0,
63,test,parent,test-sst2-i063,0.0,64,3,0.9145,0.9135741850639514,0.2659404923510112,0.07064800844436886,0.9668864237175433,0.9568186250707055,glad/sft-model-ec8288f9:v0,
64,train,parent,train-sst2-i064,0.0,64,3,0.9285,0.9275332757822542,0.2194660974889644,0.057741205297786875,0.974520143044811,0.9601083863803094,glad/sft-model-f883dbc4:v0,
65,train,parent,train-sst2-i065,0.0,64,3,0.9185,0.9173590382214448,0.22111621859600927,0.06312609682518665,0.9715273723219643,0.9395577095702654,glad/sft-model-ec4fc81e:v0,
66,train,parent,train-sst2-i066,0.0,64,3,0.921,0.9191815856777494,0.2610454182251316,0.06541416168134437,0.9765225879433659,0.9535522977962421,glad/sft-model-2c3d01f0:v0,
67,test,parent,test-sst2-i067,0.0,64,3,0.9275,0.9265368801327605,0.20394796068161009,0.0571744570838279,0.9771292512042037,0.9530519628692427,glad/sft-model-6b1fc5e2:v0,
68,train,parent,train-sst2-i068,0.0,64,3,0.9245,0.9234970268968747,0.21159493057386977,0.05836754956356609,0.9733544575812129,0.9412645469228935,glad/sft-model-c13dd963:v0,
69,train,parent,train-sst2-i069,0.0,64,3,0.917,0.9165178068523794,0.22489487513315146,0.06385627339291433,0.9760887502230007,0.9454824174441858,glad/sft-model-dd2a4bb7:v0,
70,train,parent,train-sst2-i070,0.0,64,3,0.9115,0.9104846950322293,0.23860789505318508,0.06833264313646331,0.9689750279764512,0.9446269528341664,glad/sft-model-66f00630:v0,
71,test,parent,test-sst2-i071,0.0,64,3,0.926,0.9249729547779554,0.3092504185567617,0.06475875068210238,0.9725166845067226,0.9811219295533887,glad/sft-model-ce5c0e02:v0,
72,test,parent,test-sst2-i072,0.3,64,2,0.808,0.8077367916677932,0.5604307222649778,0.1859331067838185,0.9362101436935403,0.5965167339637151,glad/sft-model-c8512b10:v0,
73,train,parent,train-sst2-i073,0.3,64,2,0.865,0.8648528247261268,0.45840585279162727,0.14119428564866934,0.9495030125366937,0.6675146630323577,glad/sft-model-d9403359:v0,
74,train,parent,train-sst2-i074,0.3,64,2,0.896,0.8952959701029723,0.3916125822183439,0.11447949204631114,0.9601776504646524,0.7141474517489775,glad/sft-model-bde473da:v0,
75,train,parent,train-sst2-i075,0.3,64,2,0.442,0.3065187239944521,0.7095745327332623,0.25967423702978454,0.9240860012325858,0.6601421718744733,glad/sft-model-a22cbcfe:v0,
76,test,parent,test-sst2-i076,0.3,64,2,0.8505,0.8501327878634624,0.4986003994237267,0.15837596229145454,0.9349892148753629,0.6385767450965931,glad/sft-model-b408e6ef:v0,
77,train,parent,train-sst2-i077,0.3,64,2,0.724,0.6815782642554296,0.6341935508580869,0.22077457853912294,0.8977612757261714,0.550492876054285,glad/sft-model-58a53bfb:v0,
78,train,parent,train-sst2-i078,0.3,64,2,0.6305,0.5165446088999623,0.6003488113063719,0.20559695527589703,0.9379505627726691,0.6159108147339258,glad/sft-model-761fe46a:v0,
79,train,parent,train-sst2-i079,0.3,64,2,0.8865,0.8859167780485788,0.43492574016225694,0.1311993362296365,0.9539224809030312,0.680936588707747,glad/sft-model-907db98d:v0,
80,test,parent,test-sst2-i080,0.3,64,2,0.8755,0.8694366032123315,0.3794765768971002,0.11094878261631498,0.9683491055644755,0.7377983012365086,glad/sft-model-55567b59:v0,
81,test,parent,test-sst2-i081,0.35,32,2,0.8995,0.8988768538929015,0.5134304740431087,0.1633212061768537,0.9607417408650805,0.6146634442568136,glad/sft-model-b14f8c51:v0,
82,train,parent,train-sst2-i082,0.35,32,2,0.6915,0.6812291226386995,0.5601609894133014,0.18872860457868898,0.9450445190483141,0.6331276136771243,glad/sft-model-258ff26b:v0,
83,train,parent,train-sst2-i083,0.35,32,2,0.849,0.8411723374803832,0.5983225057236324,0.20315520213704394,0.9438403152824406,0.5608060128117625,glad/sft-model-98dc3b0e:v0,
84,train,parent,train-sst2-i084,0.35,32,2,0.6785,0.6049435508570666,0.6510002290978407,0.22907431273223128,0.8570099255583126,0.543565954434365,glad/sft-model-6adf1cf2:v0,
85,test,parent,test-sst2-i085,0.35,32,2,0.898,0.8956840823113953,0.5780813768131128,0.19325409314620998,0.9625120623104494,0.5683522954028403,glad/sft-model-31064cfa:v0,
86,train,parent,train-sst2-i086,0.35,32,2,0.85,0.8420013166556946,0.45926568504520004,0.14239388474659342,0.952159761754164,0.6708929810747783,glad/sft-model-ccc6a2ed:v0,
87,train,parent,train-sst2-i087,0.35,32,2,0.572,0.39210071811653485,0.627726704731032,0.21838620948271512,0.94911934997324,0.598485398727056,glad/sft-model-e1cf7b96:v0,
88,train,parent,train-sst2-i088,0.35,32,2,0.853,0.8464192170305417,0.4844071666262655,0.15192231097148676,0.9433122090854539,0.648771473192551,glad/sft-model-20137c01:v0,
89,test,parent,test-sst2-i089,0.35,32,2,0.8555,0.8502348178137651,0.535088766943529,0.17376666912977348,0.9408460241002936,0.6059992523304141,glad/sft-model-19748877:v0,
90,test,parent,test-sst2-i090,0.3,32,3,0.881,0.8806256420133538,0.45259528699157364,0.13798811015247492,0.9597635787151916,0.663896397767526,glad/sft-model-c8df72f3:v0,
91,train,parent,train-sst2-i091,0.3,32,3,0.867,0.8665964542741794,0.41406363661662543,0.12586825156117692,0.949072722554696,0.7125814330560167,glad/sft-model-509aaa6d:v0,
92,train,parent,train-sst2-i092,0.3,32,3,0.908,0.9061607507139943,0.3423014133643962,0.09520919492478143,0.9661145372127345,0.7557692789082254,glad/sft-model-5b74b9c9:v0,
93,train,parent,train-sst2-i093,0.3,32,3,0.8995,0.8983470265620231,0.424128447374752,0.12604240592095622,0.9630710845132097,0.681270907110855,glad/sft-model-f80e149f:v0,
94,test,parent,test-sst2-i094,0.3,32,3,0.889,0.8880935578183284,0.3790432643064275,0.10990558386129987,0.9538697716472859,0.7312190011009825,glad/sft-model-39470929:v0,
95,train,parent,train-sst2-i095,0.3,32,3,0.899,0.8972637575017801,0.3498854077954836,0.0993046226439822,0.9555179495288604,0.7574131636697905,glad/sft-model-c05040ec:v0,
96,train,parent,train-sst2-i096,0.3,32,3,0.8935,0.8930823529411764,0.408976305963905,0.12124663617572605,0.9662848286543734,0.7008191259853258,glad/sft-model-5903a492:v0,
97,train,parent,train-sst2-i097,0.3,32,3,0.9115,0.9101517141606228,0.38039825979103403,0.10784658486930081,0.9709561864448013,0.7127783025213208,glad/sft-model-143eaf1d:v0,
98,test,parent,test-sst2-i098,0.3,32,3,0.785,0.7645061474848709,0.46637282687651777,0.15110695184978892,0.9284030920060332,0.7095981668782606,glad/sft-model-144c787e:v0,
99,test,parent,test-sst2-i099,0.0,32,1,0.9055,0.9036789297658863,0.2567555146433026,0.07414277041946167,0.9657638179341215,0.8537741299942281,glad/sft-model-1db8a81f:v0,
100,train,parent,train-sst2-i100,0.0,32,1,0.922,0.9208603896103896,0.21909321504749674,0.061540591742172274,0.9706860515091066,0.9449443197488366,glad/sft-model-4045d48e:v0,
101,train,parent,train-sst2-i101,0.0,32,1,0.9125,0.9114576574074145,0.2620251196761524,0.0697756493798984,0.9684438808608637,0.9585125456601904,glad/sft-model-02a21c47:v0,
102,train,parent,train-sst2-i102,0.0,32,1,0.878,0.8778826452220584,0.31566600577893145,0.09188757518759762,0.9617442303637749,0.9182243971789553,glad/sft-model-5eba3955:v0,
103,test,parent,test-sst2-i103,0.0,32,1,0.904,0.9032335126537302,0.23756525860383654,0.07010160035269997,0.9665843591365413,0.912341690097284,glad/sft-model-97c90b28:v0,
104,train,parent,train-sst2-i104,0.0,32,1,0.9255,0.9244389528861658,0.20596468703348933,0.056982332700537146,0.9757633719327267,0.9397784017507531,glad/sft-model-315cc84f:v0,
105,train,parent,train-sst2-i105,0.0,32,1,0.9155,0.9144745282118927,0.28860535887052846,0.06931157164835638,0.9703652345967336,0.9716562944783413,glad/sft-model-236730c6:v0,
106,train,parent,train-sst2-i106,0.0,32,1,0.9235,0.9228541153673846,0.21377050899759117,0.061417242842494384,0.9760750660892975,0.9489650365396163,glad/sft-model-a344f211:v0,
107,test,parent,test-sst2-i107,0.0,32,1,0.9275,0.9266523765262312,0.197656281867294,0.05609846675874536,0.9755636849446148,0.9374320855617644,glad/sft-model-7c5383ed:v0,
108,test,parent,test-sst2-i108,0.0,32,2,0.926,0.9252373461682625,0.21844826558770405,0.05908931473377938,0.9775924844710423,0.9658767891067374,glad/sft-model-518bca53:v0,
109,train,parent,train-sst2-i109,0.0,32,2,0.9285,0.9277408270643448,0.19066301951157766,0.054934550447876915,0.9788397679170924,0.9453593370010228,glad/sft-model-f8159537:v0,
110,train,parent,train-sst2-i110,0.0,32,2,0.9265,0.9255407979443182,0.19549972513862007,0.05500566518735434,0.9783456186444801,0.9429351768775694,glad/sft-model-8335aa17:v0,
111,train,parent,train-sst2-i111,0.0,32,2,0.929,0.9283533893387825,0.23877148998453293,0.06063587359725343,0.9796608159392789,0.9763383376437553,glad/sft-model-aaf0f238:v0,
112,test,parent,test-sst2-i112,0.0,32,2,0.933,0.9320211038961039,0.20242357694131607,0.05337197153315258,0.9806009666066591,0.9661105256058858,glad/sft-model-436be29c:v0,
113,train,parent,train-sst2-i113,0.0,32,2,0.932,0.9313405950751013,0.2686174132837301,0.05925966688850113,0.9793607786373442,0.9846127815533328,glad/sft-model-fe61ddce:v0,
114,train,parent,train-sst2-i114,0.0,32,2,0.9275,0.9266523765262312,0.20576559173674314,0.05705757026262411,0.97265251220422,0.9460688957550413,glad/sft-model-0c720cd4:v0,
115,train,parent,train-sst2-i115,0.0,32,2,0.9295,0.9284786573465734,0.20979566616413603,0.05603879311278933,0.9788514247717284,0.9637443072677898,glad/sft-model-9f1fd36b:v0,
116,test,parent,test-sst2-i116,0.0,32,2,0.9265,0.9250836120401338,0.21152467764662916,0.057514836487442766,0.9751977610729983,0.9478355586099808,glad/sft-model-b7999f39:v0,
117,test,parent,test-sst2-i117,0.0,16,2,0.934,0.9327748211148176,0.2142488628160966,0.05536815028332137,0.978845342934527,0.9654796745774903,glad/sft-model-3023cf99:v0,
118,train,parent,train-sst2-i118,0.0,16,2,0.932,0.9312708524738955,0.1944176476190877,0.05293141111295557,0.9823920676624662,0.9702744425768749,glad/sft-model-45f7a62b:v0,
119,train,parent,train-sst2-i119,0.0,16,2,0.9405,0.9396670279039996,0.22250999609745475,0.05183384340751616,0.9821660260464813,0.9822423675402995,glad/sft-model-f4cb2ab5:v0,
120,train,parent,train-sst2-i120,0.0,16,2,0.936,0.9352016191495416,0.18687300792713563,0.050364009283273586,0.9815274331403362,0.9673200644847622,glad/sft-model-4c9aae94:v0,
121,test,parent,test-sst2-i121,0.0,16,2,0.9365,0.9356110297798987,0.2125885377615714,0.05317882092451656,0.9807996399552378,0.9750913943952247,glad/sft-model-b4aa2695:v0,
122,train,parent,train-sst2-i122,0.0,16,2,0.937,0.9364139913442284,0.2042718891693242,0.05437156528086409,0.9795107972883115,0.9646377330274231,glad/sft-model-d980244e:v0,
123,train,parent,train-sst2-i123,0.0,16,2,0.938,0.9370475930350269,0.21068312873495215,0.050595630607459155,0.9813226779545564,0.9781179109848246,glad/sft-model-044b55ec:v0,
124,train,parent,train-sst2-i124,0.0,16,2,0.9385,0.9375474582196304,0.18076404903712204,0.04945411101001377,0.983035728766279,0.9713548532595996,glad/sft-model-0baf0ca7:v0,
125,test,parent,test-sst2-i125,0.0,16,2,0.935,0.9343434343434344,0.1917761750482214,0.051589956590251236,0.9804798366823986,0.9675027222984639,glad/sft-model-26d33159:v0,
126,test,parent,test-sst2-i126,0.4,8,2,0.8515,0.8514767932489451,0.5511609327149948,0.1810188032271489,0.9553349875930521,0.593367546473243,glad/sft-model-a29d2a79:v0,
127,train,parent,train-sst2-i127,0.4,8,2,0.8835,0.88309993876544,0.5139514433582086,0.1632348628480413,0.9573906485671191,0.6175802561356116,glad/sft-model-a4977fa4:v0,
128,train,parent,train-sst2-i128,0.4,8,2,0.8815,0.8812648747682599,0.5616668749366361,0.18580203623931082,0.9521227639111889,0.584127436115434,glad/sft-model-cea2458f:v0,
129,train,parent,train-sst2-i129,0.4,8,2,0.8615,0.8614098817756246,0.5719963374295646,0.19079664399777244,0.9517416354465691,0.5779856539886226,glad/sft-model-89f9021c:v0,
130,test,parent,test-sst2-i130,0.4,8,2,0.801,0.7950777468849759,0.6285234396685164,0.21790554677213214,0.8813610948928786,0.5452326605073629,glad/sft-model-011a6644:v0,
131,train,parent,train-sst2-i131,0.4,8,2,0.8465,0.8464999616249904,0.5456826164018566,0.17849984799156363,0.9559355690166886,0.6005493464683394,glad/sft-model-b150ac4f:v0,
132,train,parent,train-sst2-i132,0.4,8,2,0.918,0.9169583252317066,0.571213006389678,0.1897153230243633,0.9724948912567508,0.571360269374229,glad/sft-model-73b9b863:v0,
133,train,parent,train-sst2-i133,0.4,8,2,0.89,0.8894426805526661,0.517230058410419,0.16491072931373565,0.9612181514458555,0.6121470827776475,glad/sft-model-6079a334:v0,
134,test,parent,test-sst2-i134,0.4,8,2,0.8805,0.8779515988723545,0.5608521836941737,0.1853540991690487,0.9475228677078771,0.5833938680837614,glad/sft-model-18d030ca:v0,
135,test,parent,test-sst2-i135,0.0,8,2,0.9435,0.9425811695199506,0.1683340255596446,0.04466995594801369,0.9851729877227982,0.9682669771439838,glad/sft-model-52c8110d:v0,
136,train,parent,train-sst2-i136,0.0,8,2,0.9455,0.944655877609266,0.1865436475677364,0.04759943654341532,0.9830271128302438,0.9735585060721481,glad/sft-model-50408f47:v0,
137,train,parent,train-sst2-i137,0.0,8,2,0.9405,0.9396813400677344,0.18038054766444095,0.048271602577758685,0.9825334703773982,0.9673091490095309,glad/sft-model-d358de47:v0,
138,train,parent,train-sst2-i138,0.0,8,2,0.9415,0.9407228619002275,0.1893735676113865,0.04738297938476364,0.9821275077442061,0.9784855614876056,glad/sft-model-59067e24:v0,
139,test,parent,test-sst2-i139,0.0,8,2,0.937,0.936032231632366,0.21750656865873377,0.05276630993625423,0.9818817001573168,0.977079525846522,glad/sft-model-f86d9257:v0,
140,train,parent,train-sst2-i140,0.0,8,2,0.9425,0.9415498192491694,0.18008478872588984,0.046964213203382114,0.9811625229082536,0.9635826557516407,glad/sft-model-d27a1f6b:v0,
141,train,parent,train-sst2-i141,0.0,8,2,0.942,0.9412632056516949,0.1930371584625637,0.04918924188116678,0.9836636784573216,0.9783441223762943,glad/sft-model-e5fa310f:v0,
142,train,parent,train-sst2-i142,0.0,8,2,0.939,0.9382390432519068,0.16840296188671264,0.046075326235913386,0.9828193167258633,0.9617034956709405,glad/sft-model-c7f052e0:v0,
143,test,parent,test-sst2-i143,0.0,8,2,0.9435,0.9426392299443525,0.1769021954532234,0.04732582666609409,0.9829825126907669,0.9686890307600572,glad/sft-model-385307ec:v0,
144,test,parent,test-sst2-i144,0.0,8,3,0.9335,0.932926098934004,0.21825661983818734,0.05254649236873243,0.9826135479005498,0.9801441448340676,glad/sft-model-01430fb6:v0,
145,train,parent,train-sst2-i145,0.0,8,3,0.943,0.9423018524142119,0.23328363691221674,0.04990853469052663,0.9820519915989554,0.9855285461594717,glad/sft-model-83338708:v0,
146,train,parent,train-sst2-i146,0.0,8,3,0.9425,0.9417088580486508,0.20628474764845128,0.04848070300814634,0.9820200619536483,0.9783631536572764,glad/sft-model-388877ee:v0,
147,train,parent,train-sst2-i147,0.0,8,3,0.9435,0.9427626542020949,0.18114508713739297,0.04624810546272174,0.9859823788903486,0.9790779805069362,glad/sft-model-de45aa8f:v0,
148,test,parent,test-sst2-i148,0.0,8,3,0.9385,0.9377257914710155,0.27741251032381237,0.056076211037295855,0.9793628059164111,0.9893117770236284,glad/sft-model-d7eee0de:v0,
149,train,parent,train-sst2-i149,0.0,8,3,0.9345,0.933629871016494,0.22124815531524916,0.05342674677478838,0.9802654519210497,0.9747942804509789,glad/sft-model-f0072984:v0,
150,train,parent,train-sst2-i150,0.0,8,3,0.944,0.9434112506517811,0.28328813814830905,0.05151789774259052,0.9818305113608718,0.9920894874023048,glad/sft-model-ab0bf144:v0,
151,train,parent,train-sst2-i151,0.0,8,3,0.9395,0.9388702257835788,0.20956131368792724,0.05060588123694393,0.9812137117046984,0.978919627702297,glad/sft-model-7401cbe5:v0,
152,test,parent,test-sst2-i152,0.0,8,3,0.941,0.9404040404040404,0.19679926977593779,0.04993966784173592,0.9820474302210545,0.9775995244961718,glad/sft-model-ba20e333:v0,
153,test,parent,test-sst2-i153,0.0,4,2,0.9415,0.9408665476753351,0.17071972748935246,0.045734349622582056,0.985718832611622,0.9727372058480808,glad/sft-model-46fdd1ed:v0,
154,train,parent,train-sst2-i154,0.0,4,2,0.951,0.9503199295151327,0.1557733180159768,0.04101749569057637,0.987328492190921,0.9753599492620613,glad/sft-model-a8898319:v0,
155,train,parent,train-sst2-i155,0.0,4,2,0.944,0.9433876811594203,0.17417041333028108,0.044535952597186415,0.9858546603091195,0.9783681032522231,glad/sft-model-8a79558d:v0,
156,train,parent,train-sst2-i156,0.0,4,2,0.9475,0.9468390902801351,0.1828133662206193,0.04578806694928003,0.984471549165572,0.9745296139087645,glad/sft-model-0596aeb3:v0,
157,test,parent,test-sst2-i157,0.0,4,2,0.9455,0.9449326827306619,0.15331114043103952,0.042468749568810325,0.9860599223146661,0.9628456081646027,glad/sft-model-326c8b7d:v0,
158,train,parent,train-sst2-i158,0.0,4,2,0.945,0.9443263488207307,0.15929557616491402,0.04370414794944351,0.9869169545402943,0.970117298779927,glad/sft-model-74fbce2b:v0,
159,train,parent,train-sst2-i159,0.0,4,2,0.9445,0.9437757045701994,0.17236075850457547,0.04504641279246377,0.9845825426944972,0.9680429660913037,glad/sft-model-546ed27c:v0,
160,train,parent,train-sst2-i160,0.0,4,2,0.9425,0.941889476310487,0.18351392131516348,0.046496160243150605,0.9848364593976549,0.9769714877620881,glad/sft-model-e24a1eb4:v0,
161,test,parent,test-sst2-i161,0.0,4,2,0.945,0.9443509090026063,0.15961578103789875,0.04319029540068911,0.9864440916978867,0.9727697349914542,glad/sft-model-3c4fdec4:v0,
162,test,parent,test-sst2-i162,0.0,2,2,0.954,0.9532816587854855,0.15229108339795655,0.03839356058797588,0.9884901230963848,0.9778257984536581,glad/sft-model-cbfb9b3a:v0,
163,train,parent,train-sst2-i163,0.0,2,2,0.949,0.9482921715361585,0.16026451504054018,0.04125085330162051,0.9866164104185926,0.974911017782613,glad/sft-model-9cf3b616:v0,
164,train,parent,train-sst2-i164,0.0,2,2,0.9495,0.9488984194179935,0.1416502275334615,0.039204554063869634,0.9882924633873399,0.9677865941268142,glad/sft-model-5e499cb8:v0,
165,train,parent,train-sst2-i165,0.0,2,2,0.9535,0.9528822748437705,0.15729832075253516,0.04050961734873295,0.9868571498078139,0.9739538785517222,glad/sft-model-358e20ae:v0,
166,test,parent,test-sst2-i166,0.0,2,2,0.948,0.9473153097657152,0.14718207677878603,0.039987763246310946,0.9870482208598907,0.9690598961880272,glad/sft-model-513a6d81:v0,
167,train,parent,train-sst2-i167,0.0,2,2,0.947,0.9462124971710818,0.18204511730136533,0.04374112749264292,0.9863700960119366,0.9809184795162572,glad/sft-model-0a7dafeb:v0,
168,train,parent,train-sst2-i168,0.0,2,2,0.949,0.9482921715361585,0.14895530543838487,0.040370764462067714,0.9865241692210382,0.9656516794545417,glad/sft-model-dcbdec2e:v0,
169,train,parent,train-sst2-i169,0.0,2,2,0.9505,0.9498307293877144,0.17990462842702246,0.0432915705203398,0.9862672115992799,0.9816413126451361,glad/sft-model-2ad6ba45:v0,
170,test,parent,test-sst2-i170,0.0,2,2,0.954,0.9534365826500658,0.13871920253653994,0.03729642521916267,0.9885869256718404,0.969834261920978,glad/sft-model-0f4e530c:v0,
171,test,parent,test-sst2-i171,0.0,1,2,0.9535,0.9529356871225207,0.14106674491990193,0.037436504291718964,0.9890040383399016,0.974728543625602,glad/sft-model-0d57ba2b:v0,
172,train,parent,train-sst2-i172,0.0,1,2,0.9515,0.9508442500061445,0.14138776826831737,0.03852208520964992,0.9891221273455619,0.9734879040879659,glad/sft-model-dd969416:v0,
173,train,parent,train-sst2-i173,0.0,1,2,0.951,0.950331662855382,0.15811636042133245,0.04136281256554278,0.9880481762597513,0.9781546222984621,glad/sft-model-bd896a8f:v0,
174,train,parent,train-sst2-i174,0.0,1,2,0.954,0.9533943124850558,0.13937084675518158,0.03740615361226337,0.9887511352762777,0.9732819106866045,glad/sft-model-413f6847:v0,
175,test,parent,test-sst2-i175,0.0,1,2,0.9555,0.9549088436676945,0.14512169796921007,0.03836894391593324,0.9886639622763911,0.975867548774096,glad/sft-model-f12830ab:v0,
176,train,parent,train-sst2-i176,0.0,1,2,0.9535,0.9528490218073273,0.1431228486852221,0.037543564225019456,0.9889563972818243,0.9776178170451063,glad/sft-model-3fad1842:v0,
177,train,parent,train-sst2-i177,0.0,1,2,0.9525,0.9519235513617148,0.13573968073579856,0.037769387599046966,0.9899457094665822,0.973211804118537,glad/sft-model-2371d08a:v0,
178,train,parent,train-sst2-i178,0.0,1,2,0.95,0.9493180233218184,0.15554161966800162,0.041721551920979,0.9890927317990886,0.9787032804653217,glad/sft-model-143ae263:v0,
179,test,parent,test-sst2-i179,0.0,1,2,0.955,0.9544179629691532,0.13441965820371707,0.03650103344036729,0.9894039191358927,0.972845825397424,glad/sft-model-14a99353:v0,
180,test,parent,test-sst2-i180,0.0,1,3,0.9505,0.949782887073126,0.1782358747202723,0.04209401142086972,0.9876964433416044,0.9838552305928149,glad/sft-model-b35002d0:v0,
181,train,parent,train-sst2-i181,0.0,1,3,0.953,0.9523248725197522,0.19416391009596845,0.04287381813958219,0.9852246833390097,0.9863354747385727,glad/sft-model-f25a4f98:v0,
182,train,parent,train-sst2-i182,0.0,1,3,0.951,0.9503775358091905,0.18838480882514994,0.04227910224953449,0.9871571871097489,0.986162186263715,glad/sft-model-b0b7c92c:v0,
183,train,parent,train-sst2-i183,0.0,1,3,0.9495,0.9488051709818586,0.20374955237617662,0.043838541221312935,0.9855216797223438,0.9874026542514203,glad/sft-model-e76adde9:v0,
184,test,parent,test-sst2-i184,0.0,1,3,0.948,0.9472402597402598,0.18746365903245327,0.043680714658516646,0.9867421017207545,0.9855369211173881,glad/sft-model-44b3f567:v0,
185,train,parent,train-sst2-i185,0.0,1,3,0.952,0.9512867898907911,0.17673325707914764,0.042165929723117467,0.9886249371543487,0.984988659234024,glad/sft-model-9c97e247:v0,
186,train,parent,train-sst2-i186,0.0,1,3,0.954,0.9533392369342255,0.20145213030346817,0.041575905642405916,0.9866853379068748,0.9875585457654474,glad/sft-model-4326f839:v0,
187,train,parent,train-sst2-i187,0.0,1,3,0.9515,0.9507488085146678,0.19839301447574245,0.04319685155549423,0.9860315404077262,0.9834430222171727,glad/sft-model-c5d59254:v0,
188,test,parent,test-sst2-i188,0.0,1,3,0.9465,0.9457249385537827,0.20308754017366729,0.045306515029838755,0.9855059683095736,0.9848968477004366,glad/sft-model-5b05c540:v0,
1000,train,new,train-sst2-i1000,0.0,256,2,0.8495,0.8416612418545624,0.44164063233979856,0.13577146233837104,0.9554733493893834,0.6848445094691078,glad/sft-model-9e9f11bb:v0,
1001,train,new,train-sst2-i1001,0.0,256,2,0.8545,0.847686682608096,0.4826551354458775,0.15154256702959965,0.9496783721760003,0.6483146951904211,glad/sft-model-8979c8cf:v0,
1002,train,new,train-sst2-i1002,0.0,256,2,0.8895,0.8864649527326884,0.267950573879637,0.08032498332332273,0.962548046513891,0.8730696959997143,glad/sft-model-914efdf6:v0,
1003,train,new,train-sst2-i1003,0.0,256,2,0.8875,0.88463830905397,0.42086795442594505,0.12603531460728032,0.9565295617833568,0.6906631050680704,glad/sft-model-0811b663:v0,
1004,train,new,train-sst2-i1004,0.0,256,2,0.575,0.3991395678611772,0.61046732864252,0.2127069376723453,0.9053331630418917,0.6645162408460731,glad/sft-model-9eef4133:v0,
1005,train,new,train-sst2-i1005,0.0,256,2,0.7345,0.6922558889385697,0.7005576982027018,0.2035143622633508,0.9500072982046417,0.9067771260384782,glad/sft-model-baba95ee:v0,
1006,train,new,train-sst2-i1006,0.0,256,2,0.8675,0.861598237440497,0.3158870257901491,0.09647301462838578,0.960146227639112,0.8932342328742252,glad/sft-model-c62e617f:v0,
1007,train,new,train-sst2-i1007,0.0,256,2,0.872,0.867153631635702,0.38906840430038675,0.11584473796606617,0.9598472039767106,0.7244350874654638,glad/sft-model-a7e16326:v0,
1008,train,new,train-sst2-i1008,0.0,256,2,0.897,0.8947566323757208,0.3909055121850113,0.0879323431879827,0.956615214323943,0.9699846406944798,glad/sft-model-e3437302:v0,
1009,train,new,train-sst2-i1009,0.0,256,2,0.897,0.8964928147924831,0.2569783204760435,0.07648384189546426,0.9634947858382392,0.8769894112617834,glad/sft-model-02a6d37a:v0,
1010,train,new,train-sst2-i1010,0.0,256,2,0.88,0.8793028532805485,0.4649896394722363,0.14315122550331097,0.9538515261356817,0.654549378991596,glad/sft-model-bad51a9b:v0,
1011,train,new,train-sst2-i1011,0.0,256,2,0.8525,0.8448174961697539,0.501854981325849,0.1595223693632995,0.9518799972429005,0.6325426616382706,glad/sft-model-55fd3223:v0,
1012,train,new,train-sst2-i1012,0.0,256,2,0.872,0.8673617738704766,0.4544267579901419,0.13959558324461094,0.9548646588494786,0.6662472207630763,glad/sft-model-cdb5d346:v0,
1013,train,new,train-sst2-i1013,0.0,256,2,0.558,0.3581514762516046,0.8401130171520129,0.3061374935682466,0.8693869710828913,0.845124775241824,glad/sft-model-a6e53674:v0,
1014,train,new,train-sst2-i1014,0.0,256,2,0.662,0.5776008477975884,0.5797231132482096,0.19680118820319803,0.9162439789811707,0.6301335924077109,glad/sft-model-756cae2a:v0,
1015,train,new,train-sst2-i1015,0.0,256,2,0.558,0.3581514762516046,0.7137991973666569,0.2613131462057593,0.892203490163642,0.7806887614334328,glad/sft-model-7e90aec6:v0,
1016,train,new,train-sst2-i1016,0.0,256,2,0.8265,0.8132355699584839,0.3781868886713487,0.12134696194098654,0.9618942490147425,0.8620365535014991,glad/sft-model-6213b2e3:v0,
1017,train,new,train-sst2-i1017,0.0,256,2,0.894,0.8905717214616727,0.37457992950410185,0.08848258319246192,0.966383151689129,0.9582829938370546,glad/sft-model-e515a75c:v0,
1018,train,new,train-sst2-i1018,0.0,128,2,0.9055,0.9038112869057389,0.27123890631519987,0.07474287657664747,0.9639853873724841,0.9419719058822567,glad/sft-model-578e613e:v0,
1019,train,new,train-sst2-i1019,0.0,128,2,0.9005,0.8985825768434464,0.3170339133565906,0.09055557387261726,0.9614259475502359,0.7848795813711862,glad/sft-model-42d1571d:v0,
1020,train,new,train-sst2-i1020,0.0,128,2,0.903,0.9007059093291405,0.25285721431224567,0.0744539153098907,0.9658195681084675,0.8722990323058252,glad/sft-model-85922952:v0,
1021,train,new,train-sst2-i1021,0.0,128,2,0.8775,0.8730364372469636,0.34209641474862224,0.10030330007337167,0.9621035655784232,0.7692609933243995,glad/sft-model-4b1ea1df:v0,
1022,train,new,train-sst2-i1022,0.0,128,2,0.872,0.8683728831685937,0.5108191578744626,0.1628579691818668,0.9467900063251107,0.6210682067846439,glad/sft-model-58596c6e:v0,
1023,train,new,train-sst2-i1023,0.0,128,2,0.9065,0.9059921460711127,0.2458625426045391,0.07033776346885341,0.9669872808511328,0.8980401130186876,glad/sft-model-61b3b4ca:v0,
1024,train,new,train-sst2-i1024,0.0,128,2,0.563,0.3704902541231448,0.630450352592984,0.22318955252044298,0.8955495142639356,0.6967931530550203,glad/sft-model-480fd66e:v0,
1025,train,new,train-sst2-i1025,0.0,128,2,0.895,0.8944528435409161,0.2667645275958196,0.07588486385074454,0.9649782472956098,0.9365855637720528,glad/sft-model-a2da508b:v0,
1026,train,new,train-sst2-i1026,0.0,128,2,0.853,0.8447137715644506,0.4400725173425435,0.11446530675911135,0.9616175254220796,0.9041153465352231,glad/sft-model-df82f62b:v0,
1027,train,new,train-sst2-i1027,0.0,128,2,0.85,0.8411528490824989,0.36437952196093326,0.11275195108229781,0.9610301213123794,0.779069860401699,glad/sft-model-fe297637:v0,
1028,train,new,train-sst2-i1028,0.0,128,2,0.907,0.906206128673089,0.2372907437866283,0.06919952973759845,0.9668352349210981,0.8845330964958166,glad/sft-model-eed5e2b0:v0,
1029,train,new,train-sst2-i1029,0.0,128,2,0.8895,0.8865407268734962,0.27756696575123485,0.08237903165324287,0.9598431494185765,0.8544058028175064,glad/sft-model-9382c346:v0,
1030,train,new,train-sst2-i1030,0.0,128,2,0.849,0.8437679447000603,0.5608563302370911,0.18555427740798683,0.9315757837460873,0.5878504156067711,glad/sft-model-3fd7e647:v0,
1031,train,new,train-sst2-i1031,0.0,128,2,0.8975,0.8967451814627883,0.2591571163131549,0.07614865509593201,0.9578888523978657,0.8958478498709237,glad/sft-model-f009d399:v0,
1032,train,new,train-sst2-i1032,0.0,128,2,0.855,0.8549928946518379,0.3347390649683174,0.10390462738708063,0.9654480692194165,0.8824456752778512,glad/sft-model-6ad2fde7:v0,
1033,train,new,train-sst2-i1033,0.0,128,2,0.9025,0.8999874599661342,0.38468228619192063,0.08350931014608753,0.9662422557939636,0.9716891240511308,glad/sft-model-d854bac1:v0,
1034,train,new,train-sst2-i1034,0.0,128,2,0.9105,0.9082233658696028,0.23609364898447543,0.06935684735188558,0.9716647204787622,0.903743971346256,glad/sft-model-4a5f8c0f:v0,
1035,train,new,train-sst2-i1035,0.0,128,2,0.904,0.9022179216215529,0.24373083797299983,0.07225594835893029,0.9639205144423361,0.9018620625898859,glad/sft-model-eebfecd4:v0,
1036,train,new,train-sst2-i1036,0.48,32,2,0.563,0.4219301448217111,0.6855442030724874,0.24620627021476363,0.581989247311828,0.5226580088664875,glad/sft-model-380dd93f:v0,
1037,train,new,train-sst2-i1037,0.48,32,2,0.4415,0.30627818244883803,0.7140186593712787,0.2603667711754323,0.5063099060964337,0.5584357129551357,glad/sft-model-b9cc3934:v0,
1038,train,new,train-sst2-i1038,0.48,32,2,0.5445,0.5391745863130806,0.6892233966238489,0.24804050651616125,0.5558794133865291,0.5176816841589671,glad/sft-model-5b50eee0:v0,
1039,train,new,train-sst2-i1039,0.48,32,2,0.558,0.3581514762516046,0.6874309512934608,0.24713589471868527,0.5731609537942555,0.6011938672688132,glad/sft-model-838fbf86:v0,
1040,train,new,train-sst2-i1040,0.48,32,2,0.558,0.3581514762516046,0.6801975359784851,0.24360409867672167,0.672765735740119,0.5763315553674527,glad/sft-model-b22862fb:v0,
1041,train,new,train-sst2-i1041,0.48,32,2,0.655,0.6366030283080975,0.6766928511650754,0.24178727336840877,0.7076592630435135,0.5187592235626273,glad/sft-model-55b8e6d5:v0,
1042,train,new,train-sst2-i1042,0.48,32,2,0.4605,0.4285367760947242,0.7002857120688113,0.25355789699274234,0.49430841401904024,0.5269037078428042,glad/sft-model-c590a41f:v0,
1043,train,new,train-sst2-i1043,0.48,32,2,0.567,0.3915385923322621,0.6823595956033548,0.24462289961337685,0.6237947825945928,0.534617194508106,glad/sft-model-64ee4c8a:v0,
1044,train,new,train-sst2-i1044,0.48,32,2,0.5015,0.4937789906095241,0.6933434717661638,0.2500972141789961,0.5349001159603626,0.5152666966462618,glad/sft-model-c577c93e:v0,
1045,train,new,train-sst2-i1045,0.48,32,2,0.5585,0.36043018494287515,0.6790744632588636,0.2430206812023937,0.6268503989685205,0.5557741137497049,glad/sft-model-eb490b5d:v0,
1046,train,new,train-sst2-i1046,0.48,32,2,0.55,0.5137611011041945,0.6889176142550001,0.247887145442491,0.5302429491234046,0.5228935477225002,glad/sft-model-25c6d7af:v0,
1047,train,new,train-sst2-i1047,0.48,32,2,0.7305,0.6876194428208834,0.6451956565334819,0.2261465017072153,0.9184319199143678,0.5391754072636619,glad/sft-model-8ba95422:v0,
1048,train,new,train-sst2-i1048,0.48,32,2,0.6065,0.5446696699954381,0.6814154871649132,0.24414766474754646,0.6140932386188552,0.5250632576490367,glad/sft-model-115b11ac:v0,
1049,train,new,train-sst2-i1049,0.48,32,2,0.5575,0.3579454253611557,0.6868754374418632,0.24686453663472743,0.5055973175043383,0.5647391529000791,glad/sft-model-766e8112:v0,
1050,train,new,train-sst2-i1050,0.48,32,2,0.5925,0.5885075978411543,0.6666072711404635,0.23705755511372442,0.6256958635397915,0.566257468357032,glad/sft-model-0c04bbb4:v0,
1051,train,new,train-sst2-i1051,0.48,32,2,0.558,0.3581514762516046,0.6839785430409107,0.24544677347603083,0.5862095355098201,0.5699016805156313,glad/sft-model-ed35a465:v0,
1052,train,new,train-sst2-i1052,0.48,32,2,0.4505,0.3371673887561515,0.6984404029424252,0.25264480247143317,0.5743382961124897,0.5318384681693242,glad/sft-model-b1e6b79d:v0,
1053,train,new,train-sst2-i1053,0.48,32,2,0.5565,0.3616351352567044,0.6895048069638758,0.24817272997156242,0.46717429734507526,0.543307392301173,glad/sft-model-8fcf8262:v0,
1054,train,new,train-sst2-i1054,0.45,32,2,0.8355,0.8354989718685741,0.5999956506465834,0.2040095100056813,0.9394563242997778,0.5614410293460887,glad/sft-model-2681c2a8:v0,
1055,train,new,train-sst2-i1055,0.45,32,2,0.6475,0.5739459165133426,0.6781758264248974,0.24253022895998458,0.6839512479929936,0.5225691038188329,glad/sft-model-d213a45c:v0,
1056,train,new,train-sst2-i1056,0.45,32,2,0.585,0.49915761932117153,0.6858273633752933,0.2463445925199053,0.5893568862615352,0.5185629319076824,glad/sft-model-bf674697:v0,
1057,train,new,train-sst2-i1057,0.45,32,2,0.7855,0.7836082492167148,0.6426291784608396,0.22487798806754386,0.8753892375808885,0.5343563500041613,glad/sft-model-12497291:v0,
1058,train,new,train-sst2-i1058,0.45,32,2,0.708,0.680577935155133,0.6581242170244269,0.2325697078187305,0.7976912332344022,0.5316090327688653,glad/sft-model-34e5dfd8:v0,
1059,train,new,train-sst2-i1059,0.45,32,2,0.7175,0.7142590547638958,0.6556781656804321,0.23137670387498066,0.8595430107526881,0.5322240523072205,glad/sft-model-513a1fda:v0,
1060,train,new,train-sst2-i1060,0.45,32,2,0.442,0.3065187239944521,0.7599615034202325,0.2822135426517432,0.6205460678895215,0.6444585795443311,glad/sft-model-169bb5b3:v0,
1061,train,new,train-sst2-i1061,0.45,32,2,0.4715,0.3852862417232456,0.6934309385649383,0.25014461941379823,0.6216899601031479,0.5270064446862187,glad/sft-model-6c9a1b84:v0,
1062,train,new,train-sst2-i1062,0.45,32,2,0.4995,0.4193652984047627,0.683179929887049,0.24504063358163186,0.7657068513923352,0.5267498839900706,glad/sft-model-5039fcab:v0,
1063,train,new,train-sst2-i1063,0.45,32,2,0.758,0.7564801928837876,0.5833798362489359,0.1969144901517172,0.9082412948636858,0.5900656517891621,glad/sft-model-00a1248c:v0,
1064,train,new,train-sst2-i1064,0.45,32,2,0.7095,0.6808743493558029,0.6715071862886688,0.23920058867776361,0.7876131221719457,0.5202153286536599,glad/sft-model-6c1aa19e:v0,
1065,train,new,train-sst2-i1065,0.45,32,2,0.558,0.3581514762516046,0.65985154657712,0.2337753370099637,0.7480411416013883,0.5842666669615647,glad/sft-model-7f100263:v0,
1066,train,new,train-sst2-i1066,0.45,32,2,0.624,0.5051980523753126,0.6206010426641904,0.21465044475211087,0.9300456948701731,0.5843276038592733,glad/sft-model-26762ddb:v0,
1067,train,new,train-sst2-i1067,0.45,32,2,0.558,0.3581514762516046,0.6772726532501318,0.24225655670179355,0.7548203628018619,0.6006388767740426,glad/sft-model-e7dff8cf:v0,
1068,train,new,train-sst2-i1068,0.45,32,2,0.448,0.3242052065581478,0.6983069000919834,0.25257578959094235,0.5964878403801555,0.5355348038689253,glad/sft-model-3bb4ee58:v0,
1069,train,new,train-sst2-i1069,0.45,32,2,0.4475,0.3246528303005356,0.7009061724247224,0.2538705610224868,0.5832522421706482,0.5399469146889031,glad/sft-model-98106bb0:v0,
1070,train,new,train-sst2-i1070,0.45,32,2,0.6675,0.6264497191491705,0.6760871876986222,0.24148526336055556,0.7278484284532671,0.5202384304636938,glad/sft-model-f8963974:v0,
1071,train,new,train-sst2-i1071,0.45,32,2,0.4415,0.30627818244883803,0.7135823123989742,0.2601641584217771,0.6545744538510193,0.5732068827801422,glad/sft-model-381210f7:v0,
1072,train,new,train-sst2-i1072,0.4,64,2,0.6105,0.5797502184192944,0.5980140919654052,0.20679693995024576,0.932022798780389,0.638673491290753,glad/sft-model-98182379:v0,
1073,train,new,train-sst2-i1073,0.4,64,2,0.852,0.8489543148037018,0.5577170741479474,0.18410085067976803,0.9287188407207383,0.5894193179118964,glad/sft-model-91e2b01f:v0,
1074,train,new,train-sst2-i1074,0.4,64,2,0.6035,0.5611946682662127,0.6833681968698604,0.24511582601049786,0.6551633784200198,0.5157840961634707,glad/sft-model-e822f50c:v0,
1075,train,new,train-sst2-i1075,0.4,64,2,0.589,0.4342513328130097,0.6268180983508514,0.21856651744344618,0.8366170186023127,0.6111542632609838,glad/sft-model-2fffc2a5:v0,
1076,train,new,train-sst2-i1076,0.4,64,2,0.857,0.8553749934261361,0.4936763366722577,0.1557858775406004,0.9345214202306232,0.6379627290893478,glad/sft-model-e1b11263:v0,
1077,train,new,train-sst2-i1077,0.4,64,2,0.565,0.3896484375,0.6839030264356801,0.24539077646167903,0.5876990788043919,0.5303025913080665,glad/sft-model-e4f483e0:v0,
1078,train,new,train-sst2-i1078,0.4,64,2,0.4635,0.3508989867551331,0.6952084953076055,0.25194600940847356,0.7860744173599961,0.6280318292416996,glad/sft-model-c424ff8c:v0,
1079,train,new,train-sst2-i1079,0.4,64,2,0.558,0.3581514762516046,0.7007008942334401,0.2533418993120897,0.5675996204933585,0.6502707041821679,glad/sft-model-8d054578:v0,
1080,train,new,train-sst2-i1080,0.4,64,2,0.4535,0.42662460514868017,0.6964570938862348,0.2516544785736746,0.4819369435118961,0.5159560457139634,glad/sft-model-c691a7ad:v0,
1081,train,new,train-sst2-i1081,0.4,64,2,0.441,0.3097947411051186,0.7222674050370854,0.2643659469182306,0.49256495402131073,0.5704160290121072,glad/sft-model-79500422:v0,
1082,train,new,train-sst2-i1082,0.4,64,2,0.558,0.3581514762516046,0.684437309777126,0.24569670403075655,0.6301771639176762,0.5974691539809875,glad/sft-model-dea0d984:v0,
1083,train,new,train-sst2-i1083,0.4,64,2,0.655,0.5644291370394311,0.6014190227617408,0.20596955231411007,0.905920060331825,0.6028157415691782,glad/sft-model-4064480e:v0,
1084,train,new,train-sst2-i1084,0.4,64,2,0.7935,0.786385295239573,0.6522075915788168,0.22958899820265538,0.8796080053195803,0.5278831713420358,glad/sft-model-80521b72:v0,
1085,train,new,train-sst2-i1085,0.4,64,2,0.6425,0.5430596026024513,0.555731454096523,0.19054910891308202,0.9064907393892213,0.6921360230083721,glad/sft-model-d39fd2c8:v0,
1086,train,new,train-sst2-i1086,0.4,64,2,0.7535,0.7484636768538877,0.5768734029884074,0.1939696181319225,0.854033373068003,0.5906094026167257,glad/sft-model-830fa9d7:v0,
1087,train,new,train-sst2-i1087,0.4,64,2,0.7215,0.7018864380005412,0.6164998053630948,0.2124599284772677,0.8187318558523492,0.5683107550082562,glad/sft-model-44f2dde0:v0,
1088,train,new,train-sst2-i1088,0.4,64,2,0.6265,0.5106887007409431,0.5883029599287495,0.2010986213153449,0.9186113341118085,0.6357726351907586,glad/sft-model-15994000:v0,
1089,train,new,train-sst2-i1089,0.4,64,2,0.507,0.43170290857448496,0.68754526476166,0.2472080230679801,0.7141480765176211,0.5198119109947481,glad/sft-model-2a0eedfb:v0,
1090,train,new,train-sst2-i1090,0.4,32,2,0.8465,0.8381217909424661,0.5204621134034431,0.16692709717941448,0.956775369370246,0.616391617030064,glad/sft-model-67b3aff9:v0,
1091,train,new,train-sst2-i1091,0.4,32,2,0.854,0.8463596174144008,0.526367202474709,0.1692193655272085,0.9557972072203571,0.6120902597970038,glad/sft-model-46c3cf4a:v0,
1092,train,new,train-sst2-i1092,0.4,32,2,0.8145,0.8028080453254478,0.5537811228331418,0.18279961307392448,0.9115057209815274,0.6054260409124613,glad/sft-model-1fc144e8:v0,
1093,train,new,train-sst2-i1093,0.4,32,2,0.7095,0.7048513347349085,0.6513759265031195,0.22927394686638985,0.7650495061548193,0.5410310523259723,glad/sft-model-d0e8c323:v0,
1094,train,new,train-sst2-i1094,0.4,32,2,0.771,0.7709887784501441,0.5536584692889469,0.18362331672445958,0.8790489831168199,0.6180479843791777,glad/sft-model-6f601e2b:v0,
1095,train,new,train-sst2-i1095,0.4,32,2,0.7415,0.7385343917043081,0.6286889934133574,0.21813759718238487,0.8244264827519097,0.5530606736633825,glad/sft-model-de575be2:v0,
1096,train,new,train-sst2-i1096,0.4,32,2,0.854,0.8450764006791172,0.49778010004290857,0.15705572369257903,0.9523346145737038,0.6386658286861115,glad/sft-model-f11792d6:v0,
1097,train,new,train-sst2-i1097,0.4,32,2,0.851,0.8477547400386642,0.5946971047750833,0.201509881251661,0.926974873903242,0.5623187675143346,glad/sft-model-0487f9b1:v0,
1098,train,new,train-sst2-i1098,0.4,32,2,0.564,0.38073811471684393,0.6768244978084772,0.24192558507660414,0.6217147942717203,0.5669246223070811,glad/sft-model-bea1f434:v0,
1099,train,new,train-sst2-i1099,0.4,32,2,0.8515,0.851370655312786,0.5868149407289657,0.197684664372838,0.9418191180525147,0.5682666097742608,glad/sft-model-6345293e:v0,
1100,train,new,train-sst2-i1100,0.4,32,2,0.565,0.39860975164656504,0.6864261649803488,0.24654845582112994,0.5390215743038322,0.5925156501811314,glad/sft-model-ac0ad6d2:v0,
1101,train,new,train-sst2-i1101,0.4,32,2,0.749,0.745868850102108,0.6308445560909927,0.21924053264356122,0.8207033847451306,0.550897911564032,glad/sft-model-e81f0a35:v0,
1102,train,new,train-sst2-i1102,0.4,32,2,0.56,0.3671759941089838,0.6775895847440627,0.24237293443248223,0.6425511685236543,0.5911060143241639,glad/sft-model-e15430fe:v0,
1103,train,new,train-sst2-i1103,0.4,32,2,0.5595,0.3618788141955526,0.6686839979322549,0.2378947206745896,0.8162864504776268,0.5580777744708763,glad/sft-model-ba5f357e:v0,
1104,train,new,train-sst2-i1104,0.4,32,2,0.558,0.3581514762516046,0.6865809527692783,0.24672539998182974,0.5517042321477805,0.5891936990404909,glad/sft-model-5816ed3f:v0,
1105,train,new,train-sst2-i1105,0.4,32,2,0.907,0.906206128673089,0.48242809397698483,0.14914594380852253,0.9642220722035713,0.6360896406977249,glad/sft-model-0a4cb825:v0,
1106,train,new,train-sst2-i1106,0.4,32,2,0.8025,0.7884745399655937,0.6013319202375814,0.2048245413872334,0.902398676592225,0.5667128478595933,glad/sft-model-41e5c44b:v0,
1107,train,new,train-sst2-i1107,0.4,32,2,0.5585,0.5306725175805131,0.6795035334690653,0.24325171782682126,0.6961661111922022,0.5446013261835,glad/sft-model-6fcb4f68:v0,
1108,train,new,train-sst2-i1108,0.0,128,3,0.913,0.9119344063164287,0.2824387809896037,0.07170301660664152,0.9654713829286884,0.9623449915491996,glad/sft-model-e826f467:v0,
1109,train,new,train-sst2-i1109,0.0,128,3,0.9025,0.9007037052030494,0.24465724009307385,0.07200125909771551,0.9640842172270064,0.8848276368436955,glad/sft-model-893ab3af:v0,
1110,train,new,train-sst2-i1110,0.0,128,3,0.9175,0.9169207507040966,0.22304828920837058,0.06447883262820293,0.9720965309200603,0.9400174791036554,glad/sft-model-1577bd08:v0,
1111,train,new,train-sst2-i1111,0.0,128,3,0.914,0.9128474069570065,0.2948376590329644,0.07237712210616568,0.961662632381323,0.963688070198259,glad/sft-model-d7d67d0d:v0,
1112,train,new,train-sst2-i1112,0.0,128,3,0.905,0.9027228389366685,0.42286067643206493,0.08356215697705889,0.9649072925282602,0.9800751832324568,glad/sft-model-85440321:v0,
1113,train,new,train-sst2-i1113,0.0,128,3,0.915,0.9140885655923694,0.2146319529405277,0.06341159394918028,0.9719992215248382,0.9199268547550794,glad/sft-model-018a7de5:v0,
1114,train,new,train-sst2-i1114,0.0,128,3,0.9095,0.908684530024249,0.337113907981243,0.07667447098476149,0.965725806451613,0.9751421706113631,glad/sft-model-b4865842:v0,
1115,train,new,train-sst2-i1115,0.0,128,3,0.913,0.9115044247787611,0.24675662837589193,0.0682365255145132,0.9704189574920126,0.950359908060918,glad/sft-model-c1f195b8:v0,
1116,train,new,train-sst2-i1116,0.0,128,3,0.9015,0.8984791192934765,0.3108325420992451,0.08005644608817972,0.9690915965228108,0.9495409930503054,glad/sft-model-e09bf46a:v0,
1117,train,new,train-sst2-i1117,0.0,128,3,0.9165,0.9155420568948152,0.2910827962757073,0.07127500541096964,0.9670420173859454,0.9692293918651992,glad/sft-model-40fdb001:v0,
1118,train,new,train-sst2-i1118,0.0,128,3,0.9125,0.9108387248307273,0.28215220874514024,0.07192702673714763,0.9712805510955416,0.9681973235787541,glad/sft-model-5d1a5d6a:v0,
1119,train,new,train-sst2-i1119,0.0,128,3,0.905,0.9029883667734135,0.31732200857215137,0.07866934679657317,0.9651302932256443,0.9639955742384927,glad/sft-model-faa8398e:v0,
1120,train,new,train-sst2-i1120,0.0,128,3,0.9215,0.9208225378393882,0.24206638619386445,0.0642025885192586,0.9742150375452081,0.9579079904702175,glad/sft-model-139cf502:v0,
1121,train,new,train-sst2-i1121,0.0,128,3,0.9225,0.9214521520716741,0.23529398142407576,0.06255135213963584,0.9718355187401676,0.958692863690592,glad/sft-model-5c177fff:v0,
1122,train,new,train-sst2-i1122,0.0,128,3,0.872,0.8719322521613934,0.30001038854325646,0.09196305842349077,0.9697585713358958,0.9277201565953397,glad/sft-model-cdaac726:v0,
1123,train,new,train-sst2-i1123,0.0,128,3,0.9205,0.9194991938527761,0.2310584863491461,0.06323402248219065,0.9701690953469891,0.9443843928187414,glad/sft-model-2058d69d:v0,
1124,train,new,train-sst2-i1124,0.0,128,3,0.9085,0.9062920293689998,0.3606025454148535,0.07847370510430375,0.9682294960995151,0.9698575995482472,glad/sft-model-74ab3bb3:v0,
1125,train,new,train-sst2-i1125,0.0,128,3,0.9135,0.9124110725567942,0.23704255496159796,0.0660604514662137,0.9684479354189979,0.9365473498621568,glad/sft-model-d5936c17:v0,
1126,train,new,train-sst2-i1126,0.0,64,3,0.9225,0.9212193215967064,0.22363916866701464,0.061687647923242224,0.9733534439416793,0.9492398511031634,glad/sft-model-7029b3a0:v0,
1127,train,new,train-sst2-i1127,0.0,64,3,0.93,0.9291426257718393,0.23532370131170835,0.05917279321739988,0.9741537123534277,0.9718750447107127,glad/sft-model-103a04d5:v0,
1128,train,new,train-sst2-i1128,0.0,64,3,0.9235,0.9226553773848873,0.2095701819900079,0.05863608772688279,0.9741770260626997,0.9323762943896653,glad/sft-model-d1fc5ee4:v0,
1129,train,new,train-sst2-i1129,0.0,64,3,0.904,0.9010381714328126,0.28724262804362527,0.07612100427712087,0.9732662709417927,0.9490114942071549,glad/sft-model-e09ccb3b:v0,
1130,train,new,train-sst2-i1130,0.0,64,3,0.911,0.90825413809917,0.2450460594691384,0.06916596559711044,0.97370923141796,0.9422052037034159,glad/sft-model-9195a8cd:v0,
1131,train,new,train-sst2-i1131,0.0,64,3,0.9245,0.9237140834158712,0.20170468183946513,0.057933745578635995,0.9747968666374738,0.9310370144938099,glad/sft-model-b6d36c43:v0,
1132,train,new,train-sst2-i1132,0.0,64,3,0.913,0.9123053708424429,0.29804908760719306,0.07300870645889458,0.9691574830924925,0.9678827101297143,glad/sft-model-5c567774:v0,
1133,train,new,train-sst2-i1133,0.0,64,3,0.8975,0.8972274214284837,0.27509361850306097,0.07850583715351743,0.9727244806111031,0.9311289117214772,glad/sft-model-86fcc976:v0,
1134,train,new,train-sst2-i1134,0.0,64,3,0.9245,0.923109023003387,0.2725709301311391,0.06434671104427904,0.9727832717040497,0.9729568132658685,glad/sft-model-9756f22f:v0,
1135,train,new,train-sst2-i1135,0.0,64,3,0.907,0.9046189063788415,0.24182143191192101,0.07092213558698618,0.972039260286414,0.9408610926485452,glad/sft-model-1c69ad81:v0,
1136,train,new,train-sst2-i1136,0.0,64,3,0.911,0.90841510800843,0.3662486546766906,0.07748424855236737,0.9714619925720495,0.965494501772257,glad/sft-model-59bc5645:v0,
1137,train,new,train-sst2-i1137,0.0,64,3,0.914,0.9120204603580563,0.275776995946068,0.07145469410830592,0.9677677832919768,0.9433872366775635,glad/sft-model-aae1d4a9:v0,
1138,train,new,train-sst2-i1138,0.0,64,3,0.9325,0.9314716463936954,0.2506786078955315,0.05882773960441868,0.9722936838093384,0.9797956862684382,glad/sft-model-878af8e0:v0,
1139,train,new,train-sst2-i1139,0.0,64,3,0.9315,0.930294637444347,0.21463060677461213,0.05576362083437303,0.9778793444590409,0.966870523942014,glad/sft-model-450d42ca:v0,
1140,train,new,train-sst2-i1140,0.0,64,3,0.921,0.9199782016569578,0.2342329213331894,0.06460559999830502,0.9711984462933229,0.958276053952487,glad/sft-model-46031aec:v0,
1141,train,new,train-sst2-i1141,0.0,64,3,0.923,0.9217777777777778,0.2200791395968372,0.06046202446980288,0.9753199046367929,0.9579722870083194,glad/sft-model-d70de190:v0,
1142,train,new,train-sst2-i1142,0.0,64,3,0.923,0.9215271429459526,0.20566243828912628,0.05812744697315081,0.9743756994112782,0.9393732811217101,glad/sft-model-91c47a33:v0,
1143,train,new,train-sst2-i1143,0.0,64,3,0.9345,0.9335021161301784,0.22592210185849096,0.055392717772810664,0.9752028292706661,0.973615011181924,glad/sft-model-7adbf101:v0,
1144,train,new,train-sst2-i1144,0.3,64,2,0.5885,0.43151185726043284,0.6088773689796453,0.21184141563425352,0.9029769579461232,0.6655486668653434,glad/sft-model-c3cddb3e:v0,
1145,train,new,train-sst2-i1145,0.3,64,2,0.86,0.8584692028985508,0.5432494766351945,0.1773771190501394,0.933530080766798,0.5985636950345641,glad/sft-model-2741b01f:v0,
1146,train,new,train-sst2-i1146,0.3,64,2,0.8695,0.8625085240764168,0.4356757951546104,0.1317203579980834,0.9698285124637117,0.6830962201877635,glad/sft-model-d3624cc8:v0,
1147,train,new,train-sst2-i1147,0.3,64,2,0.912,0.910390980444868,0.42516640749057805,0.12463693242810503,0.9732257253604503,0.6748477870182105,glad/sft-model-6c7e4c7c:v0,
1148,train,new,train-sst2-i1148,0.3,64,2,0.8285,0.828441284029459,0.45635795805690604,0.1435872140086848,0.9242350062440196,0.6960163981340325,glad/sft-model-4d5dd82d:v0,
1149,train,new,train-sst2-i1149,0.3,64,2,0.76,0.7573245026416239,0.4734065492585494,0.15471517812408575,0.9467986222611461,0.7237586418849525,glad/sft-model-8819bfea:v0,
1150,train,new,train-sst2-i1150,0.3,64,2,0.761,0.7461325039620326,0.6641566398880981,0.23553143667923926,0.8574174086508053,0.521336016971014,glad/sft-model-afc7ceeb:v0,
1151,train,new,train-sst2-i1151,0.3,64,2,0.7925,0.7727944016540568,0.49813830488024313,0.159970052577262,0.9350257058985711,0.6577334593701676,glad/sft-model-1449928b:v0,
1152,train,new,train-sst2-i1152,0.3,64,2,0.8785,0.8770526328571526,0.3746752927253777,0.10986945415607349,0.9476455180914384,0.7418809605740122,glad/sft-model-7862e625:v0,
1153,train,new,train-sst2-i1153,0.3,64,2,0.696,0.6866208762039068,0.5525344902632195,0.18752982927765682,0.9224271801359087,0.6757847531686042,glad/sft-model-2dcec2bd:v0,
1154,train,new,train-sst2-i1154,0.3,64,2,0.904,0.9033178104706812,0.363734799766597,0.10341482964964795,0.9617026711428988,0.7400507828571786,glad/sft-model-92e8579d:v0,
1155,train,new,train-sst2-i1155,0.3,64,2,0.753,0.7495122079839688,0.4954230033348478,0.16203045734794727,0.9626884355892895,0.6805038383165343,glad/sft-model-e5cd7fcc:v0,
1156,train,new,train-sst2-i1156,0.3,64,2,0.453,0.328207074335668,0.6770637895729896,0.24417851482278058,0.9013693256458911,0.6415938159501418,glad/sft-model-3a82d5bb:v0,
1157,train,new,train-sst2-i1157,0.3,64,2,0.903,0.901144582672174,0.40278836365227483,0.11813937818891872,0.9657161768760439,0.6992642797505493,glad/sft-model-0d2aff1a:v0,
1158,train,new,train-sst2-i1158,0.3,64,2,0.8845,0.8827110800710132,0.37130087739416984,0.10873951549820096,0.9498952910361829,0.7407138318145382,glad/sft-model-7380f7db:v0,
1159,train,new,train-sst2-i1159,0.3,64,2,0.462,0.34677027683341427,0.679988171126224,0.24386677199231876,0.8053933732301853,0.577594366720604,glad/sft-model-d835212c:v0,
1160,train,new,train-sst2-i1160,0.3,64,2,0.897,0.8960419223564369,0.49580624431573905,0.15570065851679085,0.9628293314844549,0.6261802441624511,glad/sft-model-724c911f:v0,
1161,train,new,train-sst2-i1161,0.3,64,2,0.8915,0.8912001203316642,0.43988880531925434,0.13220379658626097,0.9716763773333982,0.6695712639537057,glad/sft-model-576d76bf:v0,
1162,train,new,train-sst2-i1162,0.35,32,2,0.721,0.714401533018868,0.5162277780137199,0.17282283479768204,0.9489115538688595,0.6990643271393661,glad/sft-model-bb65a1b5:v0,
1163,train,new,train-sst2-i1163,0.35,32,2,0.853,0.8450137115420503,0.4925642515978928,0.15493566151449356,0.9559801691561653,0.6410513027951056,glad/sft-model-cc3e1138:v0,
1164,train,new,train-sst2-i1164,0.35,32,2,0.73,0.727047748447205,0.6554666600576304,0.23126539199238375,0.8804655443649752,0.5305968209945896,glad/sft-model-408b9f90:v0,
1165,train,new,train-sst2-i1165,0.35,32,2,0.908,0.9066099829867751,0.4064410127165424,0.11868865367014134,0.9695776366791548,0.693481353489086,glad/sft-model-bcb8bca1:v0,
1166,train,new,train-sst2-i1166,0.35,32,2,0.8765,0.872891092109959,0.5200015371136445,0.16634010781166353,0.9560105783421724,0.6124397841177243,glad/sft-model-d57abefc:v0,
1167,train,new,train-sst2-i1167,0.35,32,2,0.876,0.8742188126053037,0.42228692387906613,0.1262678216391361,0.9432453088762387,0.6975628881686263,glad/sft-model-ccc7982e:v0,
1168,train,new,train-sst2-i1168,0.35,32,2,0.578,0.4191096409904869,0.6647142431218466,0.2359247478707104,0.7758478081058726,0.5536508915375996,glad/sft-model-e1d030d7:v0,
1169,train,new,train-sst2-i1169,0.35,32,2,0.558,0.3581514762516046,0.6822714655160603,0.24464330948895177,0.645097431031966,0.5931779965281296,glad/sft-model-da1cc563:v0,
1170,train,new,train-sst2-i1170,0.35,32,2,0.711,0.6562793247851151,0.5459394896816282,0.18074932459153795,0.9629763092168215,0.6227900860206901,glad/sft-model-db546dd2:v0,
1171,train,new,train-sst2-i1171,0.35,32,2,0.783,0.7816022544283414,0.5595558673617418,0.18610251034060016,0.944882336722944,0.6042561740638922,glad/sft-model-4100ef82:v0,
1172,train,new,train-sst2-i1172,0.35,32,2,0.528,0.46548045606294647,0.6525972802865391,0.23137470902233756,0.828595582153457,0.5999619038281667,glad/sft-model-2b07f244:v0,
1173,train,new,train-sst2-i1173,0.35,32,2,0.8615,0.8614816809523059,0.500934657683714,0.1586523024742115,0.9637188001751569,0.6317681682327482,glad/sft-model-751d705e:v0,
1174,train,new,train-sst2-i1174,0.35,32,2,0.843,0.8341500825552296,0.4844185048126443,0.1515950943623154,0.9523391759516049,0.6509272710772158,glad/sft-model-467c5603:v0,
1175,train,new,train-sst2-i1175,0.35,32,2,0.794,0.7739235027370621,0.6071260075702992,0.20748757884880228,0.9397305137936067,0.5603768024704814,glad/sft-model-483bbe42:v0,
1176,train,new,train-sst2-i1176,0.35,32,2,0.8085,0.7949006298906895,0.5195318613676289,0.1683194018203662,0.9186442773966492,0.6356707995662252,glad/sft-model-c60e2d86:v0,
1177,train,new,train-sst2-i1177,0.35,32,2,0.8235,0.8234519347892464,0.5696032825090167,0.18983407258181065,0.93333292787752,0.5860672931502897,glad/sft-model-05cca056:v0,
1178,train,new,train-sst2-i1178,0.35,32,2,0.858,0.8575532871083718,0.5066289958349025,0.1630260340243292,0.9411232545127232,0.6339705666797631,glad/sft-model-9df47bd6:v0,
1179,train,new,train-sst2-i1179,0.35,32,2,0.773,0.771062271062271,0.5586212728797757,0.18556881606896897,0.9454788635884461,0.6079605987187952,glad/sft-model-50877d7a:v0,
1180,train,new,train-sst2-i1180,0.3,32,3,0.781,0.7790055248618785,0.4923170100313342,0.15826793154943783,0.9555133881509592,0.6835696728315522,glad/sft-model-d8debff4:v0,
1181,train,new,train-sst2-i1181,0.3,32,3,0.9135,0.9129636603157809,0.4115620517406587,0.12050355745444859,0.9667374187061094,0.6906902238374344,glad/sft-model-58ce363c:v0,
1182,train,new,train-sst2-i1182,0.3,32,3,0.878,0.8772912341685576,0.4048506722971296,0.12007787938306615,0.9509560648080573,0.7094642058569096,glad/sft-model-ac661a15:v0,
1183,train,new,train-sst2-i1183,0.3,32,3,0.914,0.9128270001135277,0.39255259418681204,0.11205960758228341,0.971279537456008,0.7025621951156259,glad/sft-model-af6564cf:v0,
1184,train,new,train-sst2-i1184,0.3,32,3,0.91,0.9078426895189491,0.3486224860540219,0.09683443395957324,0.9732454913313547,0.7441122584078473,glad/sft-model-97340f0b:v0,
1185,train,new,train-sst2-i1185,0.3,32,3,0.864,0.8639341441257569,0.4227282017931228,0.12923825020702048,0.9504370813668727,0.7183157342808945,glad/sft-model-658467a6:v0,
1186,train,new,train-sst2-i1186,0.3,32,3,0.8525,0.8442235587312827,0.39008486665259556,0.11553444434061397,0.9593986684831087,0.7411879437619892,glad/sft-model-2e178cd1:v0,
1187,train,new,train-sst2-i1187,0.3,32,3,0.831,0.8226487048633083,0.46490022782612905,0.14608264435357332,0.92306323894322,0.6831573944861628,glad/sft-model-800cc032:v0,
1188,train,new,train-sst2-i1188,0.3,32,3,0.884,0.879511940262851,0.42326469067625677,0.12513296014399966,0.9685584221281566,0.6859452783744234,glad/sft-model-18a7e4b7:v0,
1189,train,new,train-sst2-i1189,0.3,32,3,0.883,0.8791716753621752,0.4466384416128141,0.1354475094478395,0.96012291392984,0.6685976215815169,glad/sft-model-e66f60c1:v0,
1190,train,new,train-sst2-i1190,0.3,32,3,0.885,0.8836681162630962,0.4263376973171763,0.12701639375400264,0.9483829408521058,0.6913671274565338,glad/sft-model-c8c38c09:v0,
1191,train,new,train-sst2-i1191,0.3,32,3,0.8745,0.8743589993870622,0.4631064289932172,0.14215659539176215,0.96002053633695,0.6584969937769121,glad/sft-model-efea67b5:v0,
1192,train,new,train-sst2-i1192,0.3,32,3,0.871,0.866273573170125,0.4431832584427127,0.13359094662174772,0.9514010525632917,0.6796914160736621,glad/sft-model-7c7f2c4c:v0,
1193,train,new,train-sst2-i1193,0.3,32,3,0.8775,0.8767788791957735,0.38864646552503024,0.11235552802209597,0.9574970807181433,0.726408417675206,glad/sft-model-ebbcedca:v0,
1194,train,new,train-sst2-i1194,0.3,32,3,0.91,0.9091451466851607,0.33962121525772876,0.09394578385808439,0.9658535250328419,0.7586008211355104,glad/sft-model-ff975b96:v0,
1195,train,new,train-sst2-i1195,0.3,32,3,0.9125,0.9115525285742192,0.3750365434737758,0.1045515332345182,0.9645205890462057,0.7252801752282644,glad/sft-model-c5a14671:v0,
1196,train,new,train-sst2-i1196,0.3,32,3,0.8965,0.8937981996486106,0.3937864203570479,0.11439151117072005,0.9588431940187159,0.7165467089409383,glad/sft-model-5439158e:v0,
1197,train,new,train-sst2-i1197,0.3,32,3,0.8935,0.8906114588348579,0.38527390254850946,0.11258510569069852,0.9565290549635901,0.7290845534704066,glad/sft-model-be3a8f3f:v0,
1198,train,new,train-sst2-i1198,0.0,32,1,0.9165,0.9146429506960816,0.23392762280816026,0.06620235011932454,0.9699982970855836,0.9382132843705779,glad/sft-model-0193a095:v0,
1199,train,new,train-sst2-i1199,0.0,32,1,0.918,0.9172845944574626,0.23828208004542503,0.0658970974647255,0.9708629316077133,0.9523487887204699,glad/sft-model-cfd0a2e0:v0,
1200,train,new,train-sst2-i1200,0.0,32,1,0.9125,0.911030920313954,0.24202747058385068,0.06827305694822168,0.968470742308503,0.940425710239363,glad/sft-model-0f7eec30:v0,
1201,train,new,train-sst2-i1201,0.0,32,1,0.908,0.9074512786310032,0.2424462453923104,0.07028492322544255,0.9685234515642485,0.9303158865201194,glad/sft-model-db5ea1bf:v0,
1202,train,new,train-sst2-i1202,0.0,32,1,0.909,0.9078229917820653,0.23650619995985744,0.06809541661471795,0.9646189120809614,0.9172574860889865,glad/sft-model-273c02f8:v0,
1203,train,new,train-sst2-i1203,0.0,32,1,0.917,0.9156825396825397,0.2521086298133396,0.06695993652952256,0.9694098793363498,0.9662160373209873,glad/sft-model-5364d935:v0,
1204,train,new,train-sst2-i1204,0.0,32,1,0.9115,0.9107691772540046,0.23046374986770002,0.06704977426243643,0.9691453194180897,0.9354870853138585,glad/sft-model-aa603c5f:v0,
1205,train,new,train-sst2-i1205,0.0,32,1,0.919,0.9181143245341614,0.2156728710942371,0.06259192137766197,0.9736874381679884,0.9399613085399657,glad/sft-model-8201b7ef:v0,
1206,train,new,train-sst2-i1206,0.0,32,1,0.873,0.8679799371085527,0.3141733146122972,0.09366107956317803,0.9618572511717673,0.8106607551570753,glad/sft-model-e2286993:v0,
1207,train,new,train-sst2-i1207,0.0,32,1,0.9065,0.9048291568855723,0.33568715855822473,0.07929137067468688,0.9625145964092834,0.9687094524277771,glad/sft-model-ab6b8a9f:v0,
1208,train,new,train-sst2-i1208,0.0,32,1,0.921,0.9194888869185747,0.21152062922039752,0.05990653381419125,0.9735146126275157,0.9241655928592325,glad/sft-model-83407b33:v0,
1209,train,new,train-sst2-i1209,0.0,32,1,0.922,0.9200544449728595,0.21282275624663877,0.06207828772667918,0.9763512828621937,0.9347706348764562,glad/sft-model-bf49cb5a:v0,
1210,train,new,train-sst2-i1210,0.0,32,1,0.9145,0.9138403401039206,0.22157254683785146,0.06502098064170364,0.9721325151235019,0.9199363569690759,glad/sft-model-6630658e:v0,
1211,train,new,train-sst2-i1211,0.0,32,1,0.916,0.9153444272445821,0.24689395909420056,0.06757700610703182,0.9687160430756256,0.9551303776995068,glad/sft-model-417bf2aa:v0,
1212,train,new,train-sst2-i1212,0.0,32,1,0.913,0.9118948084775422,0.23428516195055704,0.0670149194626673,0.965556021829741,0.9247271646544338,glad/sft-model-f225d3d5:v0,
1213,train,new,train-sst2-i1213,0.0,32,1,0.9075,0.906769797748415,0.23527028722888457,0.06932699684616071,0.9678133970709871,0.9230104860087105,glad/sft-model-0dcd5791:v0,
1214,train,new,train-sst2-i1214,0.0,32,1,0.9245,0.9236006072486833,0.20740966531022867,0.05930951185878623,0.9741303986441557,0.9274828471307258,glad/sft-model-88ad3aca:v0,
1215,train,new,train-sst2-i1215,0.0,32,1,0.918,0.9175726968605249,0.20584422528153992,0.06040481072712784,0.9786588332603512,0.9289348770604677,glad/sft-model-954bcfb1:v0,
1216,train,new,train-sst2-i1216,0.0,32,2,0.9315,0.930524406344998,0.21797432026649022,0.0551134821332472,0.9775255842618273,0.9476949673576248,glad/sft-model-f5260e07:v0,
1217,train,new,train-sst2-i1217,0.0,32,2,0.924,0.923433715761774,0.21562978658518725,0.0600993894285315,0.9790653027133104,0.9602879685187053,glad/sft-model-53a959c7:v0,
1218,train,new,train-sst2-i1218,0.0,32,2,0.924,0.9233653887845247,0.21010225418073458,0.05984208976519656,0.9774591908723786,0.9568877392379841,glad/sft-model-64277586:v0,
1219,train,new,train-sst2-i1219,0.0,32,2,0.929,0.9279450433801284,0.19922558028180543,0.05546554609994845,0.9793531763408424,0.9605282795520037,glad/sft-model-862098e5:v0,
1220,train,new,train-sst2-i1220,0.0,32,2,0.923,0.9216763299766046,0.21587044655899765,0.060426709875471316,0.9736661517377836,0.9422459009879092,glad/sft-model-3546e2de:v0,
1221,train,new,train-sst2-i1221,0.0,32,2,0.915,0.912989714360587,0.25071988059288575,0.06796805851488226,0.9742621717835189,0.9497660252776862,glad/sft-model-d81229f2:v0,
1222,train,new,train-sst2-i1222,0.0,32,2,0.9205,0.9191010755740961,0.22663969263058648,0.06102094164847541,0.9747198300329232,0.9558486718902436,glad/sft-model-c4258c17:v0,
1223,train,new,train-sst2-i1223,0.0,32,2,0.9065,0.906221454274559,0.2943581414993139,0.0763158656318314,0.9754846210609966,0.9698260155304501,glad/sft-model-8ce14af7:v0,
1224,train,new,train-sst2-i1224,0.0,32,2,0.929,0.9275598167161334,0.2124789357726558,0.05764427261439461,0.9749342147942717,0.9503685627220276,glad/sft-model-098016bd:v0,
1225,train,new,train-sst2-i1225,0.0,32,2,0.9265,0.9256080215807587,0.22950203495366675,0.05945484502946137,0.9704924463581959,0.9530985661107683,glad/sft-model-76987780:v0,
1226,train,new,train-sst2-i1226,0.0,32,2,0.9195,0.9187746372038901,0.21060036648057934,0.06029149046671777,0.975054331078999,0.929663357566351,glad/sft-model-ff4b9208:v0,
1227,train,new,train-sst2-i1227,0.0,32,2,0.916,0.9151168759776718,0.2182710060350143,0.06375062453943037,0.9710970823399666,0.9283680815593659,glad/sft-model-839a9fae:v0,
1228,train,new,train-sst2-i1228,0.0,32,2,0.9345,0.9335671330744142,0.18568213605691755,0.051812371617684067,0.9794099401547219,0.9477384167231149,glad/sft-model-0b53dfb9:v0,
1229,train,new,train-sst2-i1229,0.0,32,2,0.933,0.9323094890982917,0.25147703646518244,0.05879564973643525,0.9776730688139608,0.9777367646814514,glad/sft-model-89f3ab42:v0,
1230,train,new,train-sst2-i1230,0.0,32,2,0.9365,0.9357575987505612,0.18174752645682118,0.05020144710778326,0.9810449407223601,0.950060167524048,glad/sft-model-01ea267a:v0,
1231,train,new,train-sst2-i1231,0.0,32,2,0.9245,0.9229574344927729,0.19944790121277906,0.05836110988464972,0.9791489279748291,0.9473525416505938,glad/sft-model-00c452a1:v0,
1232,train,new,train-sst2-i1232,0.0,32,2,0.921,0.9192793588124462,0.24421563840240135,0.06528239744263854,0.9720590262573184,0.961316148793403,glad/sft-model-b34dd38e:v0,
1233,train,new,train-sst2-i1233,0.0,32,2,0.922,0.9208018105924531,0.26756406878316163,0.06496518602559659,0.9679542929661525,0.9682722410664174,glad/sft-model-9c752cc3:v0,
1234,train,new,train-sst2-i1234,0.0,16,2,0.9425,0.9419595124699986,0.18300036610636466,0.04721762181257225,0.9838932678116739,0.969146938813135,glad/sft-model-0dae873d:v0,
1235,train,new,train-sst2-i1235,0.0,16,2,0.9355,0.934906329451177,0.20238621688073996,0.05196604579758723,0.9824599815112149,0.9750504303973953,glad/sft-model-cdd35e0a:v0,
1236,train,new,train-sst2-i1236,0.0,16,2,0.93,0.9294283697953423,0.18432031033995794,0.052901327738182596,0.9827331573655103,0.9596610447526214,glad/sft-model-ef022489:v0,
1237,train,new,train-sst2-i1237,0.0,16,2,0.929,0.9279450433801284,0.20004985211855442,0.05637636842626604,0.9788068246322515,0.9586525772557906,glad/sft-model-0ad5644c:v0,
1238,train,new,train-sst2-i1238,0.0,16,2,0.9335,0.9325036012881154,0.2174012708341924,0.053389108331700644,0.9778920149532103,0.9623117404798338,glad/sft-model-b9191554:v0,
1239,train,new,train-sst2-i1239,0.0,16,2,0.936,0.934984126984127,0.18576508737798672,0.051856221742224304,0.9785630443244296,0.9495027006264185,glad/sft-model-3998da26:v0,
1240,train,new,train-sst2-i1240,0.0,16,2,0.9355,0.9349188086913156,0.18205304823318177,0.0505101005156257,0.9806070484438606,0.9569847534199092,glad/sft-model-9b68900c:v0,
1241,train,new,train-sst2-i1241,0.0,16,2,0.937,0.9360161848583826,0.17525333408728477,0.04964878477250819,0.9836809103293924,0.9587731092956053,glad/sft-model-2e0c68e1:v0,
1242,train,new,train-sst2-i1242,0.0,16,2,0.929,0.9281463062647313,0.23356461383911767,0.05870945415735366,0.9764191967109423,0.971754604987485,glad/sft-model-f465664e:v0,
1243,train,new,train-sst2-i1243,0.0,16,2,0.933,0.9321020496060399,0.23893848828181824,0.05579548682995727,0.9804382774615221,0.9772756057061006,glad/sft-model-c3f83f63:v0,
1244,train,new,train-sst2-i1244,0.0,16,2,0.933,0.9323636091989529,0.22210991713537817,0.05490642187298626,0.979105341474886,0.9766120968044113,glad/sft-model-19031bdf:v0,
1245,train,new,train-sst2-i1245,0.0,16,2,0.932,0.9312708524738955,0.18998149440604528,0.05339835861316536,0.9797312638868615,0.9601775657353944,glad/sft-model-dc963b34:v0,
1246,train,new,train-sst2-i1246,0.0,16,2,0.934,0.9332783385093167,0.22615479783034736,0.05515357308746761,0.9787115425160966,0.9771531525935873,glad/sft-model-11ecef34:v0,
1247,train,new,train-sst2-i1247,0.0,16,2,0.9285,0.9277408270643448,0.2026035986832644,0.05587763025695034,0.979530563259216,0.9626512623268912,glad/sft-model-8c1057ce:v0,
1248,train,new,train-sst2-i1248,0.0,16,2,0.9415,0.9406668287763852,0.22586249470954095,0.0525914803011098,0.9802132494850712,0.9813994107663397,glad/sft-model-35ca5ece:v0,
1249,train,new,train-sst2-i1249,0.0,16,2,0.93,0.9291738841851354,0.188030004620736,0.052860333811193254,0.9785336487779562,0.9526757965958957,glad/sft-model-7d297cdd:v0,
1250,train,new,train-sst2-i1250,0.0,16,2,0.932,0.9313937955777247,0.19766275976970069,0.052978957712256455,0.979855434729723,0.9682097543705225,glad/sft-model-5c25df9c:v0,
1251,train,new,train-sst2-i1251,0.0,16,2,0.934,0.9334849071207431,0.1966252325502237,0.051955526393626925,0.9839662498580904,0.9705592672837615,glad/sft-model-71f859f2:v0,
1252,train,new,train-sst2-i1252,0.4,8,2,0.8425,0.8331687529840945,0.6039996799437208,0.20590522060405966,0.9558144390924277,0.5562555273763695,glad/sft-model-37a31572:v0,
1253,train,new,train-sst2-i1253,0.4,8,2,0.882,0.8785307157731983,0.4845341756879375,0.15055376213418709,0.9543634141001314,0.6429758921660117,glad/sft-model-4a88409a:v0,
1254,train,new,train-sst2-i1254,0.4,8,2,0.8795,0.8752536014052346,0.5491982581046411,0.17970539582156972,0.9544105483384422,0.591650378739773,glad/sft-model-799941a6:v0,
1255,train,new,train-sst2-i1255,0.4,8,2,0.8895,0.8858211282060819,0.5135742742119571,0.16337738014005856,0.9668935191942782,0.614801016075903,glad/sft-model-f3042575:v0,
1256,train,new,train-sst2-i1256,0.4,8,2,0.8785,0.8774966670775317,0.5473215599643972,0.17880754392045572,0.9475330041032128,0.5938088007817489,glad/sft-model-e9e5d00a:v0,
1257,train,new,train-sst2-i1257,0.4,8,2,0.8135,0.7979401268968507,0.6248091864058779,0.21607396283105731,0.9455300523848911,0.5458502507205689,glad/sft-model-49b218f8:v0,
1258,train,new,train-sst2-i1258,0.4,8,2,0.912,0.9107786489251362,0.5345505975277265,0.17239141177568318,0.971191350816588,0.5956142833988249,glad/sft-model-f53af04a:v0,
1259,train,new,train-sst2-i1259,0.4,8,2,0.9085,0.907547531556983,0.5513903308434769,0.18067573518411845,0.9681311730647595,0.5846820962915197,glad/sft-model-5b5d6666:v0,
1260,train,new,train-sst2-i1260,0.4,8,2,0.8645,0.8644788248163775,0.545468242606152,0.1783621277343689,0.9619935856890315,0.5970759514772276,glad/sft-model-e6131ede:v0,
1261,train,new,train-sst2-i1261,0.4,8,2,0.869,0.868881993794415,0.4982245202116273,0.15706677713057043,0.9590226082161566,0.6323176760717883,glad/sft-model-a78bc890:v0,
1262,train,new,train-sst2-i1262,0.4,8,2,0.866,0.8615130219098801,0.5364549539499469,0.17390017774222868,0.9396555044681231,0.6051291800963593,glad/sft-model-9f18a6b0:v0,
1263,train,new,train-sst2-i1263,0.4,8,2,0.8825,0.8785880775042049,0.583092635878978,0.19583355185974893,0.9532154673283705,0.5674695582328972,glad/sft-model-a9ce396b:v0,
1264,train,new,train-sst2-i1264,0.4,8,2,0.903,0.9022602075106481,0.516154183009052,0.1644016769586508,0.96373248430886,0.6109136911666291,glad/sft-model-c854e4e7:v0,
1265,train,new,train-sst2-i1265,0.4,8,2,0.895,0.8945815943479671,0.5187066891292593,0.16586639819883006,0.9676608443211859,0.6101359958983583,glad/sft-model-eb316838:v0,
1266,train,new,train-sst2-i1266,0.4,8,2,0.592,0.5539696699375558,0.6051038529147166,0.20842176489611192,0.9675939441119707,0.6011617105919951,glad/sft-model-d644b90a:v0,
1267,train,new,train-sst2-i1267,0.4,8,2,0.8415,0.8325246174283758,0.5788818139992176,0.19393420536821818,0.948141187823351,0.5748685669897557,glad/sft-model-ea665331:v0,
1268,train,new,train-sst2-i1268,0.4,8,2,0.9155,0.914058743645623,0.5481604564369412,0.17896832475075605,0.9721958675943496,0.5860728111264415,glad/sft-model-e314e147:v0,
1269,train,new,train-sst2-i1269,0.4,8,2,0.857,0.8499335194997224,0.55339973333807,0.18199644225297124,0.9557064864821032,0.590981229183136,glad/sft-model-759f3a82:v0,
1270,train,new,train-sst2-i1270,0.0,8,2,0.9395,0.9387792945502694,0.18355754345633574,0.046990627804249674,0.9856990666407174,0.9783913260004752,glad/sft-model-2871f8d9:v0,
1271,train,new,train-sst2-i1271,0.0,8,2,0.942,0.9411810043039279,0.17565870883428591,0.04667140913382367,0.9834548687134075,0.9620617860395453,glad/sft-model-0aa491e2:v0,
1272,train,new,train-sst2-i1272,0.0,8,2,0.936,0.9352446941121237,0.18441876012520775,0.049891491236960454,0.9808270082226439,0.9653617971226269,glad/sft-model-cb903348:v0,
1273,train,new,train-sst2-i1273,0.0,8,2,0.9415,0.94089104476594,0.16658361401526642,0.04655038757361896,0.9858232374835789,0.9620260176818799,glad/sft-model-5e07a691:v0,
1274,train,new,train-sst2-i1274,0.0,8,2,0.94,0.9391672606307746,0.18738622649305267,0.048692211394528596,0.9834807165215136,0.9704600343073948,glad/sft-model-143c063c:v0,
1275,train,new,train-sst2-i1275,0.0,8,2,0.9435,0.9427887352538598,0.22606532060857296,0.04997741748838362,0.9809891905480141,0.9833441207215883,glad/sft-model-e6a10580:v0,
1276,train,new,train-sst2-i1276,0.0,8,2,0.9395,0.9387521484202483,0.2008512060452845,0.050729147727618634,0.9826485184644578,0.9743322993917968,glad/sft-model-2bc324e0:v0,
1277,train,new,train-sst2-i1277,0.0,8,2,0.9395,0.9387657864712367,0.17204021284989898,0.047478258913001295,0.9822516785870675,0.9560186818599468,glad/sft-model-22ed7ce6:v0,
1278,train,new,train-sst2-i1278,0.0,8,2,0.9395,0.9389431462293987,0.16194337504609269,0.04594038188655361,0.9858343875184481,0.9599955604473643,glad/sft-model-9932a17b:v0,
1279,train,new,train-sst2-i1279,0.0,8,2,0.939,0.9382665448189944,0.18286540453048875,0.050846603840246266,0.9814762443438914,0.9613710466577254,glad/sft-model-cca42281:v0,
1280,train,new,train-sst2-i1280,0.0,8,2,0.94,0.93890294121241,0.20304830629042003,0.049667277492519216,0.9814301237451143,0.970901380864606,glad/sft-model-c84bfb73:v0,
1281,train,new,train-sst2-i1281,0.0,8,2,0.9405,0.939547863740885,0.16719578273082045,0.04667154183173208,0.9851212921065862,0.9674372334337902,glad/sft-model-279a53d2:v0,
1282,train,new,train-sst2-i1282,0.0,8,2,0.9415,0.9408160555418557,0.19062604919844556,0.04899183966998787,0.9825273885401969,0.9700067397981618,glad/sft-model-e228b230:v0,
1283,train,new,train-sst2-i1283,0.0,8,2,0.9385,0.9378077851001105,0.1839653949565968,0.04985083595506192,0.9804448661184905,0.9617841802604165,glad/sft-model-85d89d3f:v0,
1284,train,new,train-sst2-i1284,0.0,8,2,0.942,0.9412226698082136,0.1886962682058537,0.04764220694137104,0.9848536912697253,0.9777850874193684,glad/sft-model-766a456e:v0,
1285,train,new,train-sst2-i1285,0.0,8,2,0.943,0.9422889420550604,0.17373294105408518,0.04607713721228831,0.9822004897906227,0.9653445261770586,glad/sft-model-8b1be482:v0,
1286,train,new,train-sst2-i1286,0.0,8,2,0.9405,0.9398806352747594,0.195027561053775,0.04844402454185157,0.9831269563242997,0.9725478565473872,glad/sft-model-715bd40d:v0,
1287,train,new,train-sst2-i1287,0.0,8,2,0.936,0.9352016191495416,0.17648475473487235,0.05004762235458583,0.9816064970239544,0.9521289053911419,glad/sft-model-8d885789:v0,
1288,train,new,train-sst2-i1288,0.0,8,3,0.9385,0.9379807594129954,0.20824454707795795,0.05191356962984884,0.9853559496586062,0.9791244692468248,glad/sft-model-b4c58ea4:v0,
1289,train,new,train-sst2-i1289,0.0,8,3,0.9445,0.9438264652752668,0.2380236652926149,0.0496751126669555,0.9816490698843641,0.9873286809300105,glad/sft-model-c3b01964:v0,
1290,train,new,train-sst2-i1290,0.0,8,3,0.9395,0.938667581077276,0.22363214246212157,0.04871344925510161,0.9812765573557792,0.9797371032647386,glad/sft-model-720465c0:v0,
1291,train,new,train-sst2-i1291,0.0,8,3,0.9485,0.9478516790367041,0.1954889692923378,0.045748510202369704,0.9861410134773512,0.9842944429711685,glad/sft-model-4b4b08a3:v0,
1292,train,new,train-sst2-i1292,0.0,8,3,0.938,0.9371836385668144,0.2422652221693678,0.05343310714762699,0.9811863434372923,0.9821035932874215,glad/sft-model-2889ea33:v0,
1293,train,new,train-sst2-i1293,0.0,8,3,0.9445,0.9437757045701994,0.18276654367101594,0.04563277830770156,0.9828370554177006,0.9733464040366985,glad/sft-model-c74996a2:v0,
1294,train,new,train-sst2-i1294,0.0,8,3,0.9425,0.9418773759202013,0.24578230685702385,0.05208390046659407,0.9843397760262086,0.9895641179827791,glad/sft-model-508a0617:v0,
1295,train,new,train-sst2-i1295,0.0,8,3,0.94,0.9394535684553091,0.20394545075985382,0.051053083609883386,0.9820514847791888,0.9805009856334164,glad/sft-model-db330e5c:v0,
1296,train,new,train-sst2-i1296,0.0,8,3,0.9425,0.9417629371736034,0.1932049288006747,0.04866337645321818,0.9830534674581164,0.9738088977393501,glad/sft-model-81b1dbfb:v0,
1297,train,new,train-sst2-i1297,0.0,8,3,0.946,0.9452243216184386,0.189111454494761,0.04713309133723524,0.9832886318299032,0.9772335112118928,glad/sft-model-15aaf48b:v0,
1298,train,new,train-sst2-i1298,0.0,8,3,0.9415,0.9407365534658859,0.2636963930876137,0.0516793125470357,0.9813723462917011,0.9864161994723829,glad/sft-model-30858b5a:v0,
1299,train,new,train-sst2-i1299,0.0,8,3,0.9465,0.9456299569790683,0.17731705079137486,0.044626373898528346,0.9855455002513827,0.9792228654470813,glad/sft-model-364da576:v0,
1300,train,new,train-sst2-i1300,0.0,8,3,0.9345,0.9335510929957527,0.24674572867783504,0.055850593105439585,0.9798726666017937,0.9780044944197296,glad/sft-model-18232789:v0,
1301,train,new,train-sst2-i1301,0.0,8,3,0.939,0.9380936288195469,0.23324615537912555,0.05200364092585211,0.9801179673689161,0.9814568699943442,glad/sft-model-4a554fe2:v0,
1302,train,new,train-sst2-i1302,0.0,8,3,0.9375,0.9364835946017153,0.25256190080707336,0.05475543939432662,0.9816941768436076,0.9864257309214168,glad/sft-model-996d67b5:v0,
1303,train,new,train-sst2-i1303,0.0,8,3,0.9425,0.9419014542571205,0.201151658651309,0.0486329296246607,0.9796461181660422,0.9801287389865722,glad/sft-model-89f76e44:v0,
1304,train,new,train-sst2-i1304,0.0,8,3,0.9345,0.9339223325113978,0.18798660590173122,0.05131191600844486,0.9834655119285101,0.969334486719808,glad/sft-model-af5272df:v0,
1305,train,new,train-sst2-i1305,0.0,8,3,0.942,0.9413409064245867,0.19712948992498253,0.0499100992962677,0.9826297661330867,0.9727919561693634,glad/sft-model-c22f0bb7:v0,
1306,train,new,train-sst2-i1306,0.0,4,2,0.9445,0.9438511296166322,0.15824204129865785,0.04377673581425444,0.9861977772912308,0.9663420774010536,glad/sft-model-db8fa27c:v0,
1307,train,new,train-sst2-i1307,0.0,4,2,0.9485,0.9477283528772624,0.16496045517005473,0.04196520319786109,0.9874719221849203,0.9774920974782647,glad/sft-model-e9355a4f:v0,
1308,train,new,train-sst2-i1308,0.0,4,2,0.9445,0.943654464812594,0.17499460911320716,0.04589321876419706,0.9848602799266936,0.9706960709202366,glad/sft-model-c5ad58de:v0,
1309,train,new,train-sst2-i1309,0.0,4,2,0.945,0.9443868651887055,0.17360175950439927,0.04610720078789382,0.9853164177167973,0.9751456638568083,glad/sft-model-e2526d68:v0,
1310,train,new,train-sst2-i1310,0.0,4,2,0.9445,0.9439450419010812,0.16143079683193937,0.04306175392913431,0.9875575747255064,0.9745452316556469,glad/sft-model-ee310509:v0,
1311,train,new,train-sst2-i1311,0.0,4,2,0.946,0.945288975525935,0.15242291852270923,0.04165487906222079,0.9866143831395253,0.9705973593700373,glad/sft-model-766b1fcd:v0,
1312,train,new,train-sst2-i1312,0.0,4,2,0.938,0.9373610197625982,0.17659483624316,0.0482304478542061,0.983781260643215,0.9689054361390436,glad/sft-model-b182f9fc:v0,
1313,train,new,train-sst2-i1313,0.0,4,2,0.949,0.9483164855210154,0.1665838042733862,0.04208683190109348,0.9852566129843169,0.9782049771094292,glad/sft-model-5316f297:v0,
1314,train,new,train-sst2-i1314,0.0,4,2,0.947,0.9463508452272498,0.1593220488972035,0.04198579021281195,0.9861278361634148,0.9731672333932511,glad/sft-model-a8ccd5b4:v0,
1315,train,new,train-sst2-i1315,0.0,4,2,0.9505,0.9498307293877144,0.14991250219982893,0.040586687894577894,0.9869108727030927,0.9675390238680316,glad/sft-model-0e132b8e:v0,
1316,train,new,train-sst2-i1316,0.0,4,2,0.943,0.942435813407204,0.17790316791099103,0.046214419790887036,0.9849697529963184,0.9747431757948093,glad/sft-model-fb34a2ee:v0,
1317,train,new,train-sst2-i1317,0.0,4,2,0.9455,0.9449098606547994,0.1828823207150141,0.04650887246581654,0.9857918146580386,0.9797310279849514,glad/sft-model-ebc65f23:v0,
1318,train,new,train-sst2-i1318,0.0,4,2,0.9455,0.944862820974891,0.16770682798776704,0.04484622266115548,0.9864582826513566,0.9727314414783196,glad/sft-model-e8155a61:v0,
1319,train,new,train-sst2-i1319,0.0,4,2,0.949,0.9482921715361585,0.14810879577586014,0.04010645566224994,0.9872575374235716,0.9649670152040908,glad/sft-model-fc79eb83:v0,
1320,train,new,train-sst2-i1320,0.0,4,2,0.943,0.9421951249193774,0.18105335420745627,0.04662272824779391,0.9838283948815258,0.9753319813756123,glad/sft-model-2bec4a68:v0,
1321,train,new,train-sst2-i1321,0.0,4,2,0.9505,0.9498768565498418,0.17161911721930267,0.04265279957536097,0.9861617930877894,0.9750944588910059,glad/sft-model-4ea4448b:v0,
1322,train,new,train-sst2-i1322,0.0,4,2,0.946,0.9452243216184386,0.16858770098645987,0.0432086987349196,0.9853569632981398,0.9754308113004909,glad/sft-model-b4e42aa2:v0,
1323,train,new,train-sst2-i1323,0.0,4,2,0.947,0.9461858456589747,0.1530773288527161,0.04170544624088618,0.9873888037431681,0.9708450844995452,glad/sft-model-979843f7:v0,
1324,train,new,train-sst2-i1324,0.0,2,2,0.9515,0.9508894453064106,0.14254117839936498,0.03857922735082125,0.9888727720203053,0.9738536230889402,glad/sft-model-03f2412f:v0,
1325,train,new,train-sst2-i1325,0.0,2,2,0.9525,0.9518911220129767,0.15951458419547065,0.04011846336954797,0.9867674427090934,0.9764341901393315,glad/sft-model-c710e31c:v0,
1326,train,new,train-sst2-i1326,0.0,2,2,0.954,0.9534050288129121,0.13788586200649447,0.03792387258076115,0.9886725782124264,0.9684119700218962,glad/sft-model-fe3cd5e7:v0,
1327,train,new,train-sst2-i1327,0.0,2,2,0.95,0.9493298877657014,0.15565694545062064,0.041328946671236357,0.987214457743395,0.9748148607387868,glad/sft-model-fd855277:v0,
1328,train,new,train-sst2-i1328,0.0,2,2,0.953,0.9523700944997593,0.15121284370967875,0.03890365525049245,0.9885342164160951,0.9756710384239309,glad/sft-model-cc4be28f:v0,
1329,train,new,train-sst2-i1329,0.0,2,2,0.9475,0.9468390902801351,0.17400080705957302,0.044047224196666575,0.9868434656741109,0.9798475948545988,glad/sft-model-0011e18c:v0,
1330,train,new,train-sst2-i1330,0.0,2,2,0.953,0.9523700944997593,0.14473604595481634,0.037930135957606796,0.9887435329797759,0.9741079541227299,glad/sft-model-eead6e95:v0,
1331,train,new,train-sst2-i1331,0.0,2,2,0.946,0.9453015555629838,0.16053710494876783,0.04211207246337929,0.9874516493942491,0.9757451095989309,glad/sft-model-76e18105:v0,
1332,train,new,train-sst2-i1332,0.0,2,2,0.953,0.9523920946566711,0.1432764842855543,0.03719009446123967,0.9888149945668923,0.9751007324286618,glad/sft-model-f48ffbaa:v0,
1333,train,new,train-sst2-i1333,0.0,2,2,0.951,0.9503775358091905,0.1668138255839336,0.04167751327864485,0.9866904061045427,0.9790634530202674,glad/sft-model-375c925f:v0,
1334,train,new,train-sst2-i1334,0.0,2,2,0.95,0.9493762649605793,0.13643215637591083,0.037692602818855295,0.9878611597658087,0.960839811153246,glad/sft-model-85332172:v0,
1335,train,new,train-sst2-i1335,0.0,2,2,0.954,0.9534261637637329,0.16397649690062036,0.04060974315036033,0.9868693134822167,0.9797352500474421,glad/sft-model-7fdf8cb6:v0,
1336,train,new,train-sst2-i1336,0.0,2,2,0.951,0.9503775358091905,0.1475240702996261,0.03934471821051052,0.9880583126550868,0.9717560601385303,glad/sft-model-ab195ab6:v0,
1337,train,new,train-sst2-i1337,0.0,2,2,0.95,0.9493762649605793,0.16137111448748234,0.041629665963075525,0.9875155086848635,0.9789844259613402,glad/sft-model-1fb03205:v0,
1338,train,new,train-sst2-i1338,0.0,2,2,0.952,0.9513338085046197,0.14374601776797027,0.03873587882778797,0.9882524246257642,0.9718472058928521,glad/sft-model-cba7d8a3:v0,
1339,train,new,train-sst2-i1339,0.0,2,2,0.949,0.9484093385166774,0.1744509472024677,0.044070582507767964,0.9869610478600043,0.9809791169307022,glad/sft-model-4192712b:v0,
1340,train,new,train-sst2-i1340,0.0,2,2,0.958,0.9574170824415422,0.13387432118176013,0.035642901860219144,0.9889579177411245,0.9716714586913877,glad/sft-model-fb666d10:v0,
1341,train,new,train-sst2-i1341,0.0,2,2,0.948,0.9472782925466714,0.1706557065410813,0.04231167362281723,0.9871445166155791,0.9792565918068646,glad/sft-model-568a3c08:v0,
1342,train,new,train-sst2-i1342,0.0,1,2,0.954,0.9534469026503893,0.14075604691896917,0.03724120191534602,0.9893841531649882,0.9774331894430079,glad/sft-model-2f1fb23f:v0,
1343,train,new,train-sst2-i1343,0.0,1,2,0.95,0.9494209201143897,0.14767203363811168,0.0391515264140461,0.9883178043756792,0.9756387374710714,glad/sft-model-10706573:v0,
1344,train,new,train-sst2-i1344,0.0,1,2,0.956,0.9553998605232001,0.14312537206246254,0.03791399336362974,0.989340059845278,0.9791725617745562,glad/sft-model-18853225:v0,
1345,train,new,train-sst2-i1345,0.0,1,2,0.9505,0.9498307293877144,0.15944901491133617,0.04121159985263751,0.9878510233704731,0.9779786070784258,glad/sft-model-7e1bec76:v0,
1346,train,new,train-sst2-i1346,0.0,1,2,0.958,0.9574567654378763,0.1385043082354528,0.03615684225953299,0.9890020110608346,0.9755868871352936,glad/sft-model-7cba6ae3:v0,
1347,train,new,train-sst2-i1347,0.0,1,2,0.954,0.9534261637637329,0.14144507694535274,0.0377133273744084,0.9895574855252275,0.9773118564239952,glad/sft-model-f3df9582:v0,
1348,train,new,train-sst2-i1348,0.0,1,2,0.9525,0.9518577706245746,0.14343509622182252,0.03851824010154592,0.9890912113397881,0.976771443685128,glad/sft-model-62b7a65a:v0,
1349,train,new,train-sst2-i1349,0.0,1,2,0.9555,0.9548983324798646,0.14605264902076398,0.037842444620544334,0.9890836090432864,0.9781839609373927,glad/sft-model-cf474435:v0,
1350,train,new,train-sst2-i1350,0.0,1,2,0.9535,0.9528822748437705,0.1380746323408052,0.03706006993124844,0.9894687920660405,0.9728588416312928,glad/sft-model-91f352da:v0,
1351,train,new,train-sst2-i1351,0.0,1,2,0.9545,0.9538848118614345,0.1404853534688181,0.037281362314045774,0.9886867691658963,0.9726796571751274,glad/sft-model-a7db1d6c:v0,
1352,train,new,train-sst2-i1352,0.0,1,2,0.949,0.9483637902597909,0.15341105204512023,0.04084752245596636,0.9888225968633938,0.9772860772083983,glad/sft-model-b54a5a41:v0,
1353,train,new,train-sst2-i1353,0.0,1,2,0.9525,0.9518350222763022,0.144969531833271,0.037781666079763174,0.9893081301999708,0.9764831513687532,glad/sft-model-c5565f2b:v0,
1354,train,new,train-sst2-i1354,0.0,1,2,0.952,0.9513679782452756,0.14563335887994186,0.0392999440629377,0.9888575674273018,0.9738624036659875,glad/sft-model-4db16a77:v0,
1355,train,new,train-sst2-i1355,0.0,1,2,0.951,0.9503775358091905,0.15045336733227987,0.040026286169597296,0.9883289544105484,0.9770918071902174,glad/sft-model-47148e48:v0,
1356,train,new,train-sst2-i1356,0.0,1,2,0.9515,0.9507853915821203,0.14844844787203443,0.04005770306186859,0.9886963987414651,0.9763626831935249,glad/sft-model-4f40b3d0:v0,
1357,train,new,train-sst2-i1357,0.0,1,2,0.9535,0.9528490218073273,0.1556613108278267,0.040033303223326794,0.9883740613697918,0.9813161606629451,glad/sft-model-fdd4e991:v0,
1358,train,new,train-sst2-i1358,0.0,1,2,0.953,0.9523363310738726,0.15607042016451703,0.03984611819663792,0.9880963241375955,0.9806369899891785,glad/sft-model-ef6b3fe1:v0,
1359,train,new,train-sst2-i1359,0.0,1,2,0.9465,0.9457766469139944,0.1679270451327908,0.044202577805849304,0.9871744189818193,0.9771718312437365,glad/sft-model-e71e53c2:v0,
1360,train,new,train-sst2-i1360,0.0,1,3,0.947,0.9463021426458251,0.20171496636252362,0.045966915627105365,0.9863163731166575,0.986254252617869,glad/sft-model-800e450d:v0,
1361,train,new,train-sst2-i1361,0.0,1,3,0.9495,0.9488871440792968,0.19280905988616917,0.043708811843702816,0.9872230736794304,0.9876743217159529,glad/sft-model-f7fe846c:v0,
1362,train,new,train-sst2-i1362,0.0,1,3,0.946,0.9451567298786135,0.20025433540779483,0.0465583054151616,0.9865895489709531,0.9872532229565865,glad/sft-model-df7e112d:v0,
1363,train,new,train-sst2-i1363,0.0,1,3,0.9525,0.9518577706245746,0.17712891909229164,0.04188618902704348,0.9876087635219514,0.9851687646546321,glad/sft-model-0ad10828:v0,
1364,train,new,train-sst2-i1364,0.0,1,3,0.9465,0.9458018053064084,0.20356669156756374,0.045796645966479255,0.9859398060299389,0.9869019493732639,glad/sft-model-1fabf414:v0,
1365,train,new,train-sst2-i1365,0.0,1,3,0.951,0.950331662855382,0.19355276358469933,0.04321094090231817,0.9877268525276115,0.9879400989908288,glad/sft-model-74b96f6a:v0,
1366,train,new,train-sst2-i1366,0.0,1,3,0.95,0.9493988072286841,0.1795699581365709,0.04292290923450886,0.9875631497429409,0.9860836063820377,glad/sft-model-9b547275:v0,
1367,train,new,train-sst2-i1367,0.0,1,3,0.9455,0.9447887549383039,0.21338415061593724,0.04660586090196757,0.986392396081675,0.9892818252627932,glad/sft-model-e36a11c7:v0,
1368,train,new,train-sst2-i1368,0.0,1,3,0.9505,0.9498189299723168,0.18959966466828201,0.04343275839465031,0.9880826400038923,0.9868546139449408,glad/sft-model-986f250a:v0,
1369,train,new,train-sst2-i1369,0.0,1,3,0.9485,0.9477914119914003,0.2014973931066242,0.04439806399208012,0.9865637011628472,0.9864501963917114,glad/sft-model-ab8d0e1e:v0,
1370,train,new,train-sst2-i1370,0.0,1,3,0.9515,0.9508557060198467,0.20230283373574576,0.04257679989291592,0.9858850694951264,0.9876783480554263,glad/sft-model-ad185b02:v0,
1371,train,new,train-sst2-i1371,0.0,1,3,0.9505,0.9498307293877144,0.185671426161781,0.043417525082723896,0.9876214340161209,0.985849192653579,glad/sft-model-de39c36e:v0,
1372,train,new,train-sst2-i1372,0.0,1,3,0.9455,0.9448013926254154,0.20436347534533703,0.04671429958629877,0.9858222238440454,0.985612608542491,glad/sft-model-bbe1e64a:v0,
1373,train,new,train-sst2-i1373,0.0,1,3,0.9495,0.9488051709818586,0.21015107367869051,0.044621856459178,0.9859717356752461,0.9880821257319923,glad/sft-model-70a71603:v0,
1374,train,new,train-sst2-i1374,0.0,1,3,0.9535,0.9529146228195484,0.17055475245381085,0.040466195356260934,0.9882863815501386,0.98603109941805,glad/sft-model-64d4e61c:v0,
1375,train,new,train-sst2-i1375,0.0,1,3,0.9505,0.9498881214347487,0.18617671540316882,0.042694849501449084,0.9877075933764737,0.9877209093907791,glad/sft-model-8e1fb4b7:v0,
1376,train,new,train-sst2-i1376,0.0,1,3,0.9455,0.9447501350200256,0.19921334159050297,0.04526536977288372,0.9863163731166579,0.9863585191278382,glad/sft-model-65e2f86a:v0,
1377,train,new,train-sst2-i1377,0.0,1,3,0.9515,0.9509004826178851,0.19656874881892264,0.04431645740013663,0.9858308397800806,0.9882216552350531,glad/sft-model-fc75f60a:v0,
