cell,component,layer,side,word_initial,word_initial_spec,punctuation,punctuation_spec,capitalized,capitalized_spec,is_digit,is_digit_spec,char_len,char_len_spec,log_freq,log_freq_spec,position,position_spec,stopword,stopword_spec,negation,negation_spec,content_word,content_word_spec,is_alpha,is_alpha_spec,quote,quote_spec,token_sentiment,token_sentiment_spec
Q-L0,Q,0,read,0.03920060936193738,-0.16679979884078044,0.28529106037570995,-0.07358586952726887,0.1040264604637859,-0.27224892296908365,0.009121338713601174,-0.030449058334397438,0.5262409077744611,0.0190516088873528,0.18006983703811022,-0.16063258902586727,0.17726904481970632,-0.058142905223788566,0.34567092902479757,-0.048572397065869743,0.07340098811651738,-0.012085682826683361,0.4612596578537688,0.10634079076029956,0.3384086059887214,-0.05879685696209058,0.07684457891895477,-0.10716190614231863,0.08045463267719029,-0.007134078719079381
Q-L1,Q,1,read,0.073794842350702,-0.20809349035515118,0.0007003750320985517,-0.4291220797450345,0.4459104553194241,0.08748459473715237,0.02086581562288684,-0.021770171676784907,0.15092953944194862,-0.23472049910643147,0.32342652881111683,-0.019496629606926996,0.28457132849986544,-0.014718464559364486,0.36917352874850745,0.029002222552429957,0.01818025326998169,-0.07806066118087593,0.07014583098539469,-0.22810613070126962,0.15532010806469398,-0.28461832555551037,0.009944955761558513,-0.2052603490851923,0.0160206604145111,-0.11822498495632312
Q-L2,Q,2,read,0.00141221749063968,-0.24081889542579285,0.07889225005280018,-0.2506077900143038,0.13891569008841598,-0.18503892017351525,0.02207363198059174,-0.03136983078648106,0.11781828497730469,-0.2039290142875983,0.12252246733096625,-0.1279764421996982,0.2692790011140872,-0.010546480319718998,0.06827783610768992,-0.1762383040875424,0.009110264498155038,-0.0863397566632568,0.12666392466309756,-0.17700399821160379,0.21365896569540752,-0.1925794178425209,0.009631249048783399,-0.18689870402202732,0.01850903737108647,-0.09149710025697519
Q-L3,Q,3,read,0.039226503698433786,-0.21189247911985826,0.2596102879335661,-0.03206912265017814,0.5160493867472116,0.1940461903418167,0.019376899645790358,-0.02538415438657483,0.27406257575826565,-0.0950749044930071,0.046866559556920685,-0.23159983705894946,0.03208381721525554,-0.21797270400772684,0.09076738723185404,-0.13585536119200303,0.0018641316208338854,-0.07116717144963715,0.08503749629696657,-0.18882430466039002,0.2377341940349836,-0.16199819557526332,0.011374290445338452,-0.17846296129206704,0.013228691287912238,-0.1035022157663837
Q-L4,Q,4,read,0.23199508619095305,0.025143910903662053,0.11059370188784447,-0.17628065201918652,0.41920650865400527,0.020470516060942523,0.02150378753049337,-0.016651621938623743,0.0602183851659766,-0.2897478907011492,0.22053088623279957,-0.08459548038005268,0.28970931230391833,0.05943267509444464,0.0949868260351409,-0.1515981729476389,0.036355481263259035,-0.012879841827161662,0.14936485173840625,-0.10382591570068295,0.11343375642940812,-0.27866405639397435,0.06365751135448812,-0.1227064856517013,0.0619277786098354,-0.027549523978140887
Q-L5,Q,5,read,0.20623104567879522,-0.04694194665653631,0.19478821759709328,-0.04970209157507849,0.34593564011425326,-0.010954365101009944,0.006323097326724004,-0.03722692259350161,0.19822052330830198,-0.06769876851536649,0.3341686268179538,0.014737690044283047,0.4381450440996587,0.17433123409391454,0.15769480092782004,-0.09168689460068744,0.040102346185298544,-0.03220386478955047,0.29162386081810665,0.0665127219472384,0.42382076101099686,0.10181523229014372,0.011493139006060244,-0.14705252643164707,0.04723767437270707,-0.06603169595833791
Q-L6,Q,6,read,0.024190854706585354,-0.24031745588640743,0.13085787529927617,-0.16090952222327543,0.38779359463043234,-0.05488796325805495,0.022217434195149075,-0.033004761455106904,0.10426588235184236,-0.2422274015539852,0.15496211864613338,-0.1882928544947168,0.2802973065366917,-0.020890236595579537,0.14414826906677705,-0.07438823234557812,0.03082274162470575,-0.0395113575763924,0.004118809395167417,-0.28616672520889064,0.0032745877219122763,-0.3786525128019449,0.0106955301521576,-0.17419511862103026,0.022930540234758996,-0.0903439919355386
Q-L7,Q,7,read,0.19817381844772156,-0.05392620037906384,0.17832404010907726,-0.11750560920238601,0.3190779326565887,-0.10205101820107965,0.010984215835465489,-0.03477581362150739,0.18811369050223106,-0.1202674263411547,0.2430547981743207,-0.1503342642660834,0.3301110080905202,-0.07771413588263132,0.07278058537476034,-0.20174472983374392,0.023642693827953403,-0.03975062961910125,0.26352431386772246,-0.026378990112264133,0.30794533782496974,-0.2029817620150302,0.017434158894478757,-0.12880378536404996,0.03891536807249904,-0.07656564123664125
Q-L8,Q,8,read,0.20314474496630203,-0.05040572775988561,0.29248995955029483,-0.04506616623906179,0.29437776226211654,-0.010585772477218924,0.017659922240449558,-0.0246332114279706,0.3518272806427631,-0.008573539710135414,0.38953085786234315,0.06396417135199811,0.5188723498825921,0.15983487404999658,0.16928662939657585,-0.10551067069325137,0.020877708874936927,-0.05807439381274561,0.38418229883323146,0.08978665652398143,0.6039434856827846,0.19227131788792545,0.023558359600413005,-0.17535363083450223,0.06707867722796879,-0.05296255627260532
Q-L9,Q,9,read,0.2269488169191288,-0.03823785842658381,0.30969903588054687,-0.02201880398234951,0.27833671327543574,-0.17636828113953468,0.01794021513765891,-0.04818124613465968,0.3471618736542455,0.06115452504632357,0.40403474450026916,0.004563712376406459,0.5591383200036207,0.21203920389972475,0.17710887502826494,-0.08608625141029508,0.027907126861514288,-0.05052806739819136,0.3707175645583583,0.046904363817369066,0.6023555143386268,0.16201313891948782,0.009954212727362232,-0.17436957028290404,0.04894565341093644,-0.049051749235736394
Q-L10,Q,10,read,0.23903269981847255,0.043718816154700024,0.28681590245375416,-0.030561593165470913,0.30968639613425275,-0.1207685233881638,0.007500044838970001,-0.045104632083615946,0.2762669872257705,-0.07454359489409385,0.3853970160151506,0.1262010270070471,0.4376293175383641,0.11930514612968146,0.19686023138130024,-0.03945981138838697,0.019256581961230722,-0.05600749111107344,0.3181827416715143,0.029570251660890445,0.547414505809589,0.12696813561204345,0.023173258744030967,-0.17165836446035507,0.0044266075139265774,-0.12958168985917895
Q-L11,Q,11,read,0.21470863023672968,-0.022452065533414584,0.26985253321040176,-0.05656325870886486,0.29781582990593075,-0.03159485494552772,0.00813814806419821,-0.03982493261915805,0.28849457965188835,-0.05047612857635214,0.39307993672289154,0.06092901579007598,0.5053216652262259,0.13720194475174752,0.17684238955291678,-0.1031510359932167,0.008046433224497695,-0.05568656845102223,0.3546683472364204,0.06617353088757633,0.5756223539879629,0.1889328935619144,0.041233315488091817,-0.22098974115628203,0.037659279779284835,-0.10099676898273689
Q-L12,Q,12,read,0.21317316630744101,-0.035093497214369634,0.3426218845537162,0.0045676762917725156,0.15106404521335434,-0.1778821412588005,0.008800343961971494,-0.038880744863183256,0.42528166503153186,0.022307596760001658,0.3565383477310322,-0.018151047768821593,0.4210308087954261,0.04339133737837564,0.11824485330158321,-0.1460839520443015,0.01368275956144625,-0.061890815389542414,0.41051151808877884,0.1285073368925529,0.6559272678235929,0.20951127683462378,0.015087823874090965,-0.15525053514073098,0.011492836111486484,-0.09659032838732083
Q-L13,Q,13,read,0.19245403992078033,-0.09798870213030167,0.3049961803086694,-0.03341604262971071,0.23251855694776272,-0.106598473108689,0.012404106775931385,-0.02179946941274661,0.38282174297000343,0.12061582587786307,0.433423115394644,0.1162150981161697,0.6065423732322519,0.22150897708335426,0.20848518231951488,-0.017036801405557273,0.021142257447955788,-0.05616653934689712,0.3821927359811826,0.0800815434590555,0.683438405902012,0.21384642167720203,0.022049967406052307,-0.11824702469695197,0.036974753831631665,-0.06325764420624252
Q-L14,Q,14,read,0.19614888969326372,-0.07718405224586178,0.29648136896184774,0.04588076134185831,0.2199819433170362,-0.22329751824813565,0.016463454529017343,-0.027080769632042558,0.3496531162585681,0.04055119167647281,0.41844267490436365,0.09403645198886618,0.5501760797528374,0.20909302871742602,0.1991612431786324,-0.05353908227217921,0.004000357934436858,-0.08302694628853183,0.3487599161297977,0.08298122414622128,0.6544363946860878,0.2875733163116579,0.006170308172689131,-0.21121448829638448,0.05424495392535769,-0.0458208524136236
Q-L15,Q,15,read,0.20014548215275774,-0.04162807529005963,0.04458752357884199,-0.3377947298727484,0.3771745475041357,0.018059022111900913,0.009251203953454414,-0.04245539633396473,0.1163807416508403,-0.19049027057124068,0.24810423580547544,-0.08708477664041439,0.24727720425967176,-0.0974031438718359,0.18261063772658467,-0.09815992396271703,0.0011724990867107807,-0.062038886488113364,0.04946049393271783,-0.2609368793448678,0.01716785092238906,-0.39755600603712915,0.05523650875973198,-0.08721982385410806,0.029215958915444314,-0.052616792427831335
K-L0,K,0,read,0.10551139450164586,-0.10048901370107198,0.3126932417032864,-0.04618368819969243,0.313905223457893,-0.062370159974976525,0.05073444661351391,0.011164049565515297,0.4797676389496191,-0.027421659937489185,0.2513469351464836,-0.0893554909174939,0.004307859454436019,-0.23110409058905887,0.34211220777750023,-0.05213111831316708,0.014156132240121848,-0.0713305387030789,0.337855628059524,-0.017063239033945243,0.3132243463159585,-0.08398111663485347,0.22553135281038414,0.04152486774911074,0.03596904214960025,-0.05161966924666942
K-L1,K,1,read,0.19430290619722534,-0.08758542650862783,0.39427779498857907,-0.035544659788554034,0.014798032235538107,-0.3436278283467336,0.010482114335304117,-0.03215387296436763,0.2625343710360324,-0.1231156675123477,0.2068655292402579,-0.13605762917778594,0.1988445697006032,-0.10044522335862671,0.1055647525229143,-0.2346065536731632,0.045409850181391556,-0.05083106426946607,0.18974965988207726,-0.10850230180458703,0.42747550778510246,-0.01246292583510189,0.13603256463727179,-0.07917274020947904,0.03203347492872267,-0.10221217044211156
K-L2,K,2,read,0.3570742160892186,0.11484310317278604,0.5218335066467816,0.19233346657967765,0.28274182207426046,-0.04121278818767077,0.04408725212728482,-0.009356210639787983,0.33699550778979565,0.01524820852489267,0.18146922702110233,-0.06902968250956212,0.2144200668157214,-0.0654054146180848,0.04734977207605844,-0.19716636811917387,0.04324515127969546,-0.05220486988171638,0.4471326534371962,0.14346473056249487,0.4670761187532935,0.06083773521536512,0.17165967848449531,-0.02487027458631541,0.06451108610166494,-0.045495051526396726
K-L3,K,3,read,0.08069824665971657,-0.17042073615857545,0.17009177803480147,-0.12158763254894278,0.11362783637893137,-0.2083753600264635,0.01101080791421739,-0.033750246118147795,0.026649356885064545,-0.3424881233662082,0.11366270356781867,-0.16480369304805148,0.05116944371848639,-0.198887077504496,0.08410584597612264,-0.14251690244773443,0.020425455861108117,-0.05260584720936292,0.06329428759283973,-0.21056751336451685,0.13949842227912534,-0.2602339673311216,0.09503796372425853,-0.09479928801314695,0.034426637136885194,-0.08230426991741074
K-L4,K,4,read,0.08539783544481437,-0.12145333984247662,0.22915138321595818,-0.057722970691072795,0.05620656795130668,-0.34252942464175606,0.07007143076961674,0.03191602130049962,0.1759071469181083,-0.1740591289490175,0.21637407600738826,-0.088752290605464,0.12043648738009063,-0.10984014982938306,0.08720441615857671,-0.1593805828242031,0.036631374767616943,-0.012603948322803753,0.2011828671324466,-0.052007900306642596,0.3278124143408644,-0.06428539848251807,0.09351418087784096,-0.09284981612834846,0.04011169838194754,-0.04936560420602875
K-L5,K,5,read,0.18402204053745017,-0.06915095179788136,0.1736034409196586,-0.07088686825251317,0.030440754626282752,-0.32644925058898044,0.04387575970525782,0.0003257397850322044,0.03229048524940658,-0.23362880657426188,0.09021480910113436,-0.22921612767253638,0.09460980378833236,-0.1692040062174118,0.038057212033259125,-0.21132448349524835,0.033307539932382974,-0.03899867104246604,0.021838514973135072,-0.20327262389773318,0.005803557721250682,-0.31620197099960246,0.13116847198089931,-0.027377193456808002,0.012794112873699328,-0.10047525745734565
K-L6,K,6,read,0.24061963509428064,-0.023888675498712153,0.2014317625746803,-0.09033563494787131,0.3673749507862929,-0.07530660710219439,0.0015884521178622076,-0.053633743532393766,0.09572257274409685,-0.2507707111617307,0.46123374518194127,0.11797877204109108,0.3438151125965787,0.04262756946430746,0.29540694037383913,0.07687043896148396,0.06143071174839972,-0.008903387452698426,0.20005574461923656,-0.09022978998482148,0.40653395218083177,0.02460685165697457,0.05342529624045169,-0.13146535253273617,0.02892901396816595,-0.08434551820213164
K-L7,K,7,read,0.2159035638077066,-0.03619645501907881,0.26056169257538403,-0.03526795673607924,0.29636998323962027,-0.12475896761804806,0.004221735642092125,-0.04153829381488075,0.33129737653313385,0.022916259689748086,0.4978616343534512,0.1044725719130471,0.4436748101248308,0.03584966615167928,0.28573261574732867,0.011207300538824405,0.04732164374743166,-0.016071679699622997,0.34310452213653364,0.05320121815654705,0.6209188751531094,0.10999177531310944,0.07946793354829322,-0.06677001071023549,0.05818656014569238,-0.05729444916344791
K-L8,K,8,read,0.30456336878475876,0.05101289605857112,0.41656348458428566,0.07900735879492904,0.33922931144777957,0.03426577670844411,0.04352071122022939,0.0012275775518092308,0.338251910232376,-0.022148910120522503,0.441582195263445,0.11601550875309996,0.4466924607499577,0.08765498491736218,0.16430123126036747,-0.11049606882945975,0.0578650441631976,-0.021087058524484933,0.43309477476710617,0.13869913245785614,0.6565829826470997,0.2449108148522406,0.06329248687247496,-0.13561950356244026,0.045411012346872136,-0.07463022115370196
K-L9,K,9,read,0.2932744071745194,0.028087731828806806,0.41475323883086285,0.08303539896796647,0.27092770440159303,-0.1837772900133774,0.018844943132661402,-0.04727651813965719,0.41729112527384193,0.13128377666592,0.4164760479122158,0.017005015788353117,0.5332797829632379,0.18618066685934187,0.12358801290565814,-0.1396071135329019,0.038419165175137895,-0.04001602908456775,0.4772149099445869,0.15340170920359764,0.6950654446429368,0.2547230692237979,0.0073458620019801165,-0.17697792100828616,0.09660577486777706,-0.0013916277788957737
K-L10,K,10,read,0.23639334665041192,0.04107946298663939,0.29380090521180524,-0.02357659040741983,0.30486081605533855,-0.125594103467078,0.011631184022744007,-0.04097349289984194,0.341956037007234,-0.008854545112630341,0.39104126188237026,0.13184527287426678,0.5075348254671339,0.18921065405845128,0.1536229299592907,-0.08269711281039652,0.038460431929977806,-0.03680364114232636,0.39149039120555384,0.10287790119493001,0.5741417088212808,0.1536953386237353,0.013245502051163094,-0.18158612115322295,0.03677105587764113,-0.0972372414954644
K-L11,K,11,read,0.26905424721961696,0.0318935514494727,0.4097993400197421,0.08338354810047549,0.15508228653054987,-0.1743283983209086,0.013546756655124555,-0.03441632402823171,0.3869085910921777,0.04793788286393719,0.34736550850815107,0.015214587575335503,0.5075829322575041,0.13946321178302568,0.08116064630671471,-0.19883277923941878,0.026495776458578688,-0.03723722521694124,0.42145078860014273,0.13295597225129868,0.637179245572784,0.25048978514673553,0.03741037989347775,-0.22481267675089608,0.06713747396828346,-0.07151857479373827
K-L12,K,12,read,0.26724382503778515,0.018977161515974506,0.362170159405926,0.024115951143982295,0.24560852084903276,-0.08333766562312209,0.018850962903022253,-0.028830125922132493,0.35486877948064716,-0.04810528879088305,0.38789249961803773,0.013203104118183928,0.5693035266190117,0.19166405520196128,0.1386369718174353,-0.1256918335284494,0.026497015050398927,-0.04907655990058974,0.4024076410425351,0.12040345984630918,0.6222317715103122,0.17581578052134306,0.023361435586553545,-0.1469769234282684,0.08150279359680714,-0.026580370902000175
K-L13,K,13,read,0.29450856466427083,0.00406582261318883,0.24554188773864752,-0.09287033519973256,0.3621837312987831,0.0230667012423314,0.05027956943251558,0.016075993243837586,0.1879964354264529,-0.07420948166568747,0.40620066465904986,0.08899264738057555,0.41764245611503836,0.03260905996614072,0.16973988350377578,-0.05578210022129637,0.07791434572997755,0.0006055489351246418,0.321845549625698,0.01973435710357091,0.4507674453720898,-0.018824538852720174,0.03729125832393542,-0.10300573377906885,0.032955937555636555,-0.06727646048223763
K-L14,K,14,read,0.2693065564410634,-0.004026385498062113,0.34113912582584005,0.09053851820585063,0.2598100985282512,-0.18346936303692063,0.032967625367487034,-0.010576598793572867,0.3085041343705569,-0.0005977902115383849,0.4216442133361957,0.0972379904206982,0.542360581208412,0.2012775301730006,0.17331453352031803,-0.07938579193049358,0.06308663507438148,-0.02394066914858721,0.3666029858120465,0.10082429382847008,0.595503800923304,0.22864072254887408,0.046664167854518684,-0.17072062861455492,0.03895662299578537,-0.06110918334319593
K-L15,K,15,read,0.2661787163784791,0.024405158935661753,0.3039019752890023,-0.07848027816258807,0.387619192548863,0.02850366715662822,0.0399140474691492,-0.011792552818269943,0.2524828795781776,-0.05438813264390335,0.42012830265352774,0.08493929020763791,0.46257483366171437,0.1178944855302067,0.18668345733588393,-0.09408710435341777,0.04015356969236123,-0.02305781588246291,0.3675631236518997,0.05716575037431404,0.5183179797092082,0.10359412274969004,0.060391440008919786,-0.08206489260492027,0.0799944644322447,-0.0018382869110309535
V-L0,V,0,read,0.15906860311375387,-0.04693180508896397,0.046148428074310334,-0.31272850182866846,0.2512089350503631,-0.1250664483825064,0.04053535791981296,0.0009649608718143507,0.4517726122651229,-0.0554166866219854,0.2155321275353064,-0.1251702985286711,0.13361647577824703,-0.10179547426524785,0.3864918397320798,-0.007751486358587523,0.0524828647590536,-0.03300380618414714,0.3452468077884961,-0.009672059304973168,0.1883314443962964,-0.2088740185545156,0.18487399246142955,0.0008675074001561478,0.022999790238964504,-0.06458892115730516
V-L1,V,1,read,0.24551100803900616,-0.03637732466684701,0.2975722363132956,-0.1322502184638375,0.45653512454736894,0.09810926396509723,0.04531327603825819,0.002677288738586442,0.06328589006833467,-0.3223641484800454,0.2794696363034276,-0.06345352211461625,0.2810697551806397,-0.018220037878590223,0.13870829853318975,-0.20146300766288774,0.000741861569130297,-0.09549905288172733,0.15467205427043146,-0.14357990741623283,0.27571792655899047,-0.16422050706121388,0.021032322635815868,-0.19417298221093496,0.09273351427029126,-0.04151213110054296
V-L2,V,2,read,0.20027168114057223,-0.04195943177586031,0.4339775778292671,0.10447753776216312,0.15333855206167726,-0.17061605820025397,0.01732591794068466,-0.03611754482638815,0.0878859667422333,-0.23386133252266966,0.19646684008659318,-0.05403206944407127,0.30820164180117937,0.02837616036737317,0.07084220449714401,-0.1736739356980883,0.013480537842555545,-0.0819694833188563,0.19188492876879257,-0.11178299410590878,0.41745497078709504,0.011216587249166632,0.0705655524462901,-0.12596440062452063,0.07785858097102638,-0.03214755665703528
V-L3,V,3,read,0.23920724815180602,-0.011911734666486012,0.21710029269496398,-0.07457911788878027,0.3161260177280625,-0.005877178677332395,0.018304420549327405,-0.026456633483037784,0.16613083334916157,-0.20300664690211118,0.29680080337833104,0.018334406762460898,0.291068570971265,0.0410120497482826,0.2517171441099505,0.025094395686093424,0.020706963036625402,-0.05232434003384563,0.027485341684606115,-0.24637645927275045,0.15546807754675296,-0.24426431206349397,0.09615915378505135,-0.09367809795235413,0.07305340456961512,-0.043677502484680816
V-L4,V,4,read,0.06663379349885405,-0.14021738178843696,0.31204235717719014,0.025168003270159167,0.14577061136578195,-0.2529653812272808,0.014922705377486396,-0.023232704091630717,0.31515755740387064,-0.03480871846325517,0.1745036841995692,-0.13062268241328306,0.29374039393543183,0.06346375672595814,0.01417015332676868,-0.23241484565601112,0.0801178855406115,0.030882562450190804,0.3012536513142326,0.0480628838751434,0.450335861531268,0.058238048707885515,0.1450340188865295,-0.04132997811965991,0.011060906839349042,-0.07841639574862724
V-L5,V,5,read,0.1791817607335821,-0.07399123160174942,0.28496343409021946,0.04047312491804769,0.22125044647711822,-0.13563955873814498,0.024058961883037074,-0.01949105803718854,0.3600014656000115,0.09408217377634304,0.3155002611749168,-0.00393067559875393,0.23419080395753156,-0.029623006048212608,0.11044168060788656,-0.1389400149206209,0.0294126939783313,-0.042893516996517715,0.3536290995609568,0.12851796069008853,0.4465787941980758,0.12457326547722264,0.0992094256758416,-0.05933623976186572,0.0034935545632344047,-0.10977581576781058
V-L6,V,6,read,0.22722593081017406,-0.03728237978281873,0.4231065912539229,0.13133919373137132,0.13999603736984526,-0.30268552051864206,0.0017363907853934143,-0.05348580486486256,0.43393133334490236,0.0874380494390748,0.35660221473272274,0.01334724159187256,0.35544383788817946,0.05425629475590821,0.15618024399602468,-0.062356257416330496,0.02377047525799224,-0.04656362394310591,0.3697143285972216,0.07942879399316355,0.6051349578196334,0.22320785729577625,0.13556808616949545,-0.049322562603692416,0.04944992181102133,-0.06382461035927627
V-L7,V,7,read,0.315665080174406,0.06356506134762058,0.320286711293136,0.024457061981672745,0.49362079421805793,0.07249184336038961,0.016626005700915207,-0.02913402375605767,0.20755678038137376,-0.100824336462012,0.48751701693273697,0.09412795449233285,0.45051096497497717,0.04268582100182566,0.23941831410044662,-0.035107001108057645,0.022257414852056772,-0.04113590859499788,0.3543117212142786,0.06440841723429203,0.5482851710556421,0.037358071215642163,0.020835735108764526,-0.1254022091497642,0.0038471987865156885,-0.11163381052262461
V-L8,V,8,read,0.292201149837477,0.03865067711128939,0.40688832613895076,0.06933220034959414,0.3429800016313435,0.03801646689200805,0.008644430454901899,-0.03364870321351826,0.3701478302318607,0.00974700987896221,0.4839569266225305,0.15839024011218544,0.5099741730576091,0.15093669722501352,0.2164501239665105,-0.05834717612331672,0.035554684008233674,-0.04339741867944886,0.4204637968303396,0.12606815452108955,0.6769084437920345,0.2652362759971754,0.02105345319454787,-0.17785853724036735,0.01609920927546605,-0.10394202422510807
V-L9,V,9,read,0.3523034137254517,0.0871167383797391,0.48649904623767704,0.15478120637478066,0.35537897937984053,-0.09932601503512989,0.008682783639293454,-0.05743867763302514,0.3645859643384097,0.07857861573048774,0.4563421333859175,0.0568711012620548,0.46831567365121285,0.12121655754731686,0.17278945462354758,-0.09040567181501244,0.060929630855848425,-0.01750556340385722,0.45395988215742744,0.1301466814164382,0.6916238120258964,0.25128143660675745,0.02545456566277258,-0.1588692173474937,0.01457482962757628,-0.08342257301909656
V-L10,V,10,read,0.05514056878540009,-0.14017331487837242,0.12603572103408184,-0.19134177458514323,0.02299030036256423,-0.4074646191598523,0.014381976166249278,-0.03822270075633667,0.29928571655174036,-0.05152486556812397,0.021261799644189897,-0.23793418936391358,0.11847591436706294,-0.19984825704161968,0.04607633697170336,-0.19024370579798386,0.06549132227990159,-0.00977275079240257,0.209550815806524,-0.07906167420409985,0.2768832166213052,-0.14356315357624028,0.02535521490585405,-0.169476408298532,0.07335540528067946,-0.06065289209242605
V-L11,V,11,read,0.3347596152884827,0.09759891951833843,0.387223318940991,0.06080752702172437,0.4401574522748851,0.11074676742342665,0.03867798217159507,-0.009285098511761188,0.29488890333708895,-0.044081804891151544,0.4613471715814169,0.12919625064860135,0.5909926465053233,0.22287292603084496,0.175848680176138,-0.10414474536999549,0.016621914365956947,-0.04711108730956298,0.4381789088412003,0.14968409249235626,0.6436361878677124,0.25694672744166386,0.023312301163821193,-0.23891075548055266,0.005210879047167519,-0.1334451697148542
V-L12,V,12,read,0.35428293719189224,0.1060162736700816,0.4160672160966813,0.07801300783473758,0.3642736265030853,0.03532744003093047,0.030034054352213357,-0.01764703447294139,0.28135331144030096,-0.12162075683122925,0.5034767425922926,0.12878734709243878,0.5241554512355098,0.14651597981845932,0.23682238279858858,-0.027506422547296128,0.0660893439764697,-0.009484230974518962,0.3910069538436689,0.10900277264744296,0.6517193970849289,0.20530340609595976,0.0028222613103174913,-0.16751609770450446,0.052672558861536586,-0.055410605637270724
V-L13,V,13,read,0.2950742364616358,0.004631494410553771,0.42037616662024857,0.08196394368186849,0.2049877187775741,-0.13412931127887762,0.03193465261165526,-0.0022689235770227342,0.2814594777329356,0.019253560640795253,0.43150046038398665,0.11429244310551234,0.5252890955819618,0.14025569943306415,0.20651684750905883,-0.019005136216013324,0.060988380973956646,-0.01632041582089626,0.33416005055047077,0.032048858028343674,0.6203057461170378,0.15071376189222785,0.013752575431500878,-0.1265444166715034,0.057222613982835076,-0.043009784055039114
V-L14,V,14,read,0.32783741851980586,0.05450447658068036,0.3990578797365087,0.14845727211651927,0.3547958433290275,-0.08848361823614431,0.029165454835593706,-0.014378769325466195,0.22194794248072947,-0.08715398210136582,0.4529360608905346,0.12852983797503714,0.46734577731967175,0.12626272628426033,0.22377811338548473,-0.028922212065326885,0.03414618322986093,-0.05288112099310775,0.32203973768047267,0.05626104569689627,0.6107093944861393,0.24384631611170932,0.06747578322167719,-0.14990901324739642,0.01329400425065351,-0.08677180208832778
V-L15,V,15,read,0.11690143750111635,-0.12487211994170101,0.1649040163845643,-0.21747823706702607,0.3014343124679148,-0.05768121292431999,0.03915106158569637,-0.012555538701722775,0.21443100929966802,-0.09244000292241294,0.30744984723479907,-0.027739165211090766,0.3254520927919204,-0.019228255339587275,0.14588352544473407,-0.13488703624456763,0.028876972155184356,-0.03433441341963979,0.2873950806818353,-0.023002292595750373,0.4629582363006895,0.04823437934117131,0.0044081041890902135,-0.13804822842474984,0.05133145355550608,-0.030501297787769575
gate-L0,gate,0,read,0.2648407134707082,0.05884030526799036,0.2931841618323928,-0.065692768070586,0.1598183950980623,-0.21645698833480723,0.009119546465835019,-0.030450850582163593,0.03877319000133313,-0.4684161088857752,0.30647203024053143,-0.03423039582344606,0.13830360001744482,-0.09710835002605006,0.2753077890479353,-0.11893553704273202,0.06073958307958423,-0.024747087863616513,0.01727556082470077,-0.3376433062687685,0.23131928777382263,-0.16588617517698936,0.14404015339363782,-0.03996633166763558,0.07304212031002914,-0.014546591086240526
gate-L1,gate,1,read,0.2349654670442477,-0.04692286566160547,0.5330671839332447,0.1032447291561116,0.03634178534744137,-0.32208407523483035,0.02459387058699725,-0.018042116712674496,0.36553117601202606,-0.020118862536354032,0.40904143472307175,0.06611827630502792,0.33816279427074847,0.03887300121151854,0.2436881373837342,-0.09648316881234328,0.028576934578048423,-0.0676639798728092,0.2525119132797647,-0.0457400484068996,0.6442485385194288,0.2043101048992244,0.09099012440074494,-0.12421518044600588,0.023862503717250648,-0.11038314165358357
gate-L2,gate,2,read,0.04752135190680692,-0.19470976100962561,0.07338568347587356,-0.25611435659123044,0.054519747999015995,-0.26943486226291524,0.02249041757456745,-0.030953045192505354,0.14822670685322373,-0.17352059241167925,0.12074085475639225,-0.1297580547742722,0.30893775289080055,0.029112271456994354,0.01666212354315156,-0.22785401665208077,0.0053990968875513535,-0.09005092427386048,0.14659526306883947,-0.15707265980586188,0.32413709169783755,-0.08210129184009085,0.1663197516720765,-0.030210201398734232,0.042092619092156086,-0.06791351853590558
gate-L3,gate,3,read,0.027596484942363407,-0.22352249787592862,0.14283548009383187,-0.14884393048991237,0.027779141262406257,-0.2942240551429886,0.0012350648447862547,-0.04352598918757893,0.3437381962867965,-0.025399283964476216,0.31898229880156587,0.04051590218569573,0.39170153203655367,0.14164501081357128,0.192106132837091,-0.03451661558676608,0.026638942224503998,-0.04639236084596704,0.2124736708954128,-0.06138813006194377,0.5146108938068286,0.11487850419658163,0.061568983817126374,-0.12826826792027912,0.005101915465432942,-0.111628991588863
gate-L4,gate,4,read,0.14277227248008367,-0.06407890280720732,0.018168538201857425,-0.26870581570517355,0.1617927725020806,-0.23694322009098215,0.016529994706040094,-0.02162541476307702,0.2919565775683638,-0.058009698298762014,0.1461940621344978,-0.15893230447835446,0.24529195901580245,0.015015321806328752,0.07065877675047649,-0.1759262222323033,0.027561730360508577,-0.02167359272991212,0.10406981964431865,-0.14912094779477053,0.34252114901236586,-0.04957666381101661,0.03783341132933783,-0.14853058567685157,0.060016319556981196,-0.02946098303099509
gate-L5,gate,5,read,0.0336213926406951,-0.21955159969463642,0.22049142882968228,-0.02399888034248948,0.09106518362111134,-0.2658248215941519,0.009111798109817448,-0.03443822181040816,0.4806797148871597,0.21476042306349125,0.247077806554646,-0.07235313021902473,0.4179986304355962,0.15418482042985204,0.07584730014337383,-0.17353439538513366,0.0013964450631478963,-0.07090976591170112,0.31857024205601603,0.09345910318514777,0.597824301032834,0.2758187723119809,0.06576035150187487,-0.09278531393583245,0.016061307102243006,-0.09720806322880197
gate-L6,gate,6,read,0.06294580896606039,-0.2015625016269324,0.19953050930974217,-0.09223688821280943,0.006073690465019642,-0.43660786742346763,0.001808043877783842,-0.053414151772472135,0.4675698309524479,0.12107654704662035,0.3083319036021056,-0.03492306953874458,0.3902384566416792,0.08905091350940797,0.08759456021044534,-0.13094194120190983,0.019810624633862784,-0.05052347456723537,0.3642867086166086,0.07400117401255057,0.5882255712010906,0.20629847067723345,0.010923663728770969,-0.1739669850444169,0.02103651027814437,-0.09223802189215322
gate-L7,gate,7,read,0.03147616413140115,-0.22062385469538426,0.16350108132889504,-0.13232856798256823,0.011059191645429988,-0.4100697592122383,0.004143385780708535,-0.041616643676264345,0.42770288158361236,0.1193217647402266,0.3044063185477426,-0.08898274389266153,0.3821347782298755,-0.02569036574327599,0.11054726021258003,-0.16397805499592422,0.013657413407175337,-0.04973591003987932,0.3172798472398624,0.02737654325987582,0.5487997414107946,0.03787264157079462,0.01929850493188391,-0.1269394393266448,0.005680899187827914,-0.10980011012131238
gate-L8,gate,8,read,0.09462649156554845,-0.1589239811606392,0.0838557492149838,-0.25370037657437283,0.12692950866658217,-0.1780340260727533,0.004862344778296587,-0.03743078889012357,0.397004089453333,0.03660326910043449,0.059544576189559405,-0.26602211032078565,0.19779258945212536,-0.1612448863804702,0.06248765546126725,-0.21230964462855997,0.00864373711644497,-0.07030836557123757,0.245116841013858,-0.04927880129539203,0.39115269260972774,-0.020519475185131364,0.050958857853013226,-0.147953132581902,0.010514709563678691,-0.10952652393689541
gate-L9,gate,9,read,0.19657382305325374,-0.06861285229245886,0.30696375084586297,-0.02475408901703341,0.11760601153105492,-0.3370989828839155,0.01454591609840244,-0.05157554517391615,0.3957604247434473,0.10975307613552537,0.36500422127113485,-0.03446681085272785,0.3789658469016328,0.03186673079773683,0.1392469655937577,-0.12394816084480231,0.035651334135342064,-0.04278386012436358,0.371609845048096,0.047796644307106784,0.6113662418638032,0.17102386644466422,0.019008974799313155,-0.16531480821095312,0.0037753835014205425,-0.0942220191452523
gate-L10,gate,10,read,0.2039497208578073,0.008635837194034768,0.3703273506428511,0.052949855023626036,0.08638371319825298,-0.34407120632416355,0.007812853228011144,-0.0447918236945748,0.411709385473346,0.06089880335348169,0.3297202745023798,0.0705242854942763,0.34063574505349753,0.022311573644814897,0.1109350140708464,-0.12538502869884083,0.042994321242519284,-0.03226975182978488,0.36851847688283623,0.0799059868722124,0.6116277625470522,0.1911813923495067,0.016923245136154272,-0.1779083780682318,0.020903669092401468,-0.11310462828070406
gate-L11,gate,11,read,0.18496562385555368,-0.05219507191459058,0.33724996746975894,0.01083417555049232,0.08458262859641898,-0.2448280562550395,0.014731993176426907,-0.03323108750692935,0.4497756023505649,0.11080489412232442,0.41024794356654454,0.07809702263372897,0.4777547122874422,0.10963499181296382,0.17321727172373802,-0.10677615382239547,0.02244852693293535,-0.04128447474258458,0.38183394067648235,0.0933391243276383,0.6810727881726564,0.29438332774660786,0.001931034989467767,-0.26029202165490606,0.06859784138591923,-0.0700582073761025
gate-L12,gate,12,read,0.1711615912217798,-0.07710507230003086,0.3628688796863016,0.024814671424357893,0.050362400348990116,-0.2785837861231647,0.01635184907547659,-0.03132923974967816,0.4629003458062366,0.05992627753470642,0.34306408099621927,-0.03162531450363454,0.4594509651053107,0.08181149368826024,0.11363952187191326,-0.15068928347397145,0.022299036283596158,-0.05327453866739251,0.3930657160910339,0.11106153489480797,0.6859974303955807,0.23958143940661158,0.015575056994769314,-0.15476330202005262,0.062188957050332366,-0.045894207448474944
gate-L13,gate,13,read,0.1433413590902453,-0.1471013829608367,0.36403562360756836,0.02562340066918828,0.038047536021484724,-0.30106949403496697,0.011783436560682458,-0.022420139627995536,0.47547297126500143,0.21326705417286107,0.3211233557515392,0.003915338473064911,0.4544933197849072,0.06945992363600956,0.10329470889844719,-0.12222727482662496,0.01769079924782675,-0.05961799754702615,0.3797391403206402,0.07762794779851312,0.6891791389127708,0.21958715468796086,0.014687477358268317,-0.12560951474473597,0.1015856878500422,0.001353289812168007
gate-L14,gate,14,read,0.13664161330224286,-0.13669132863688263,0.2985673602200795,0.04796675260009009,0.07807279598614235,-0.3652066655790295,0.01710435335598765,-0.026439870805072253,0.42283563739636154,0.11373371281426625,0.32731029993654764,0.0029040770210501665,0.4880454433713699,0.14696239233595848,0.11401957239735167,-0.13868075305345995,0.011203766164722368,-0.07582353805824632,0.36075374333536964,0.09497505135179324,0.6496858413993233,0.28282276302489334,0.02677542879464673,-0.19060936767442688,0.05544686071780855,-0.044618945621172745
gate-L15,gate,15,read,0.06938067783222805,-0.1723928796105893,0.24546042917803115,-0.13692182427355923,0.019466545836687017,-0.3396489795555478,0.035630977593848395,-0.016075622693570747,0.3625302772442688,0.05565926502218782,0.1954436138548948,-0.13974539859099502,0.3920283376672356,0.04734798953572794,0.025990426629755464,-0.2547801350595462,0.004224413810701371,-0.05898697176412277,0.29421140090535636,-0.016185972372229296,0.5336550456661238,0.11893118870660557,0.07079044760718456,-0.0716658850066555,0.03910503394616873,-0.04272771739710692
up-L0,up,0,read,0.4449742988352667,0.23897389063254884,0.2387055786895662,-0.1201713512134126,0.5485487541181002,0.1722733706852307,0.029474747370214938,-0.010095649677783675,0.3007574855247056,-0.20643181336240268,0.23539437717997802,-0.10530804888399947,0.16700416621351988,-0.068407783829975,0.18718130269149183,-0.20706202339917548,0.014729540056825703,-0.07075713088637503,0.04526813965335027,-0.309650727440119,0.026723950775179604,-0.3704815121756324,0.011316429110589684,-0.1726900559506837,0.053939297783612464,-0.033649413612657206
up-L1,up,1,read,0.009279091514978154,-0.27260924119087504,0.21113885044929248,-0.21868360432784062,0.061622149201047034,-0.2968037113812247,0.012018722708355719,-0.03061726459131603,0.2291016185233986,-0.15654842002498148,0.1341327252717191,-0.20879043314632473,0.2830081960834988,-0.016281596975731116,0.017533609746329698,-0.3226376964497478,0.04750283682895875,-0.04873807762189888,0.26402873372067115,-0.03422322796599314,0.4113412493738288,-0.02859718424637553,0.20926991043190518,-0.0059353944148456406,0.044607565713594664,-0.08963807965723955
up-L2,up,2,read,0.1770259780232078,-0.06520513489322474,0.21889556731828771,-0.11060447274881627,0.21717450953210887,-0.10678010072982236,0.02330344345619486,-0.030140019310877945,0.0926689217157935,-0.22907837754910948,0.29806790077036976,0.047568991239705316,0.35860916690787303,0.07878368547406683,0.1606776601151282,-0.08383848008010411,0.025394647775705187,-0.07005537338570665,0.1902614676586158,-0.11340645521608556,0.3846808889787632,-0.021557494559165225,0.05795617817491283,-0.1385737748958979,0.0359670329566105,-0.07403910467145117
up-L3,up,3,read,0.09032674585754645,-0.16079223696074557,0.1998105207639975,-0.09186888981974675,0.09576792202989826,-0.22623527437549662,0.010174701118329495,-0.034586352914035695,0.3084778322597765,-0.06065964799149626,0.3212786848148478,0.042812288198977644,0.44513221859742846,0.19507569737444608,0.11741970166445494,-0.10920304675940214,0.033609648591906974,-0.039421654478564064,0.3048277545560144,0.030965953598657836,0.5392622782423154,0.1395298886320685,0.020014182185115213,-0.16982306955229026,0.032469873014534835,-0.0842610340397611
up-L4,up,4,read,0.18323638903658276,-0.02361478625070823,0.0061319781129743,-0.2807423757940567,0.4150348870288233,0.016298894435760547,0.03269664275168438,-0.005458766717432735,0.18446728074162771,-0.1654989951254981,0.2571387732094235,-0.04798759340342873,0.20838658793044584,-0.02189004927902785,0.21120896368443207,-0.035376035298347736,0.0643394200921602,0.015104097001739508,0.030005678839764797,-0.2231850885993244,0.006194793495580171,-0.3859030193278023,0.1400620037426159,-0.04630199326357351,0.03405039097131724,-0.055426911616659046
up-L5,up,5,read,0.2329602569462553,-0.020212735389076225,0.2549242403681436,0.01043393119597183,0.3358717611769416,-0.021018244038321587,0.007800307470053452,-0.03574971245017216,0.27214363535131997,0.006224343527651499,0.43029156747868075,0.11086063070501001,0.5415825943181749,0.27776878431243074,0.1974499838405955,-0.05193171168791197,0.03337974231279599,-0.03892646866205303,0.35750381793627606,0.1323926790654078,0.5764991569541635,0.2544936282333104,0.012957033093904414,-0.1455886323438029,0.05262205744242066,-0.060647312888624315
up-L6,up,6,read,0.20250366808621484,-0.06200464250677795,0.21313113312516743,-0.07863626439738416,0.3390134798620777,-0.1036680780264096,0.003939847444633899,-0.05128234820562208,0.2728572857320091,-0.07363599817381844,0.42817565108607386,0.08492067794522368,0.5123107093065362,0.21112316617426496,0.19653369341255647,-0.0220028079997987,0.042045244801139206,-0.028288854399958943,0.34878849657450917,0.05850296197045113,0.5549621262042795,0.17303502568042234,0.015006244482708273,-0.1698844042904796,0.04843034955761987,-0.06484418261267771
up-L7,up,7,read,0.15443871109032742,-0.09766130773645798,0.2561716426342204,-0.039658006677242896,0.19077018835301038,-0.23035876250465795,0.010270271032878614,-0.03548975842409426,0.3824548013493995,0.07407368450601376,0.3957084899013613,0.002319427460957202,0.4474011877018962,0.03957604372874468,0.16357458567927,-0.11095072952923427,0.04231081900227458,-0.021082504444780076,0.37165573053101153,0.08175242655102494,0.6213300189151999,0.11040291907519995,0.03008747154691307,-0.11615047271161563,0.07898702333137973,-0.03649398597776056
up-L8,up,8,read,0.20344606704565998,-0.05010440568052765,0.2264576069331045,-0.11109851885625213,0.3233200206059529,0.018356485866617422,0.006486896043611117,-0.03580623762480904,0.2922406458579157,-0.0681601744949828,0.44293903900157794,0.1173723524912329,0.49703245835568205,0.1379949825230865,0.21736998927810916,-0.05742731081171806,0.0419755443626153,-0.03697655832506723,0.34890823937160453,0.054512597062354506,0.5795314316385494,0.16785926384369027,0.01880427315449759,-0.18010771728041763,0.012961703857476168,-0.10707952964309794
up-L9,up,9,read,0.1915354469331862,-0.07365122841252641,0.32898130050093294,-0.0027365393619634415,0.19029688193159908,-0.26440811248337137,0.01655343801759953,-0.04956802325471906,0.4039393773403731,0.11793202873245118,0.410187603719855,0.010716571595992319,0.5159500703813158,0.1688509542774198,0.17047797885292093,-0.09271714758563909,0.03657922955190472,-0.041855964707800924,0.39512404893490516,0.07131084819391592,0.6866826937006005,0.24634031828146158,0.022024029717808553,-0.16229975329245772,0.0827844770277492,-0.015212925618923637
up-L10,up,10,read,0.17339310855739182,-0.021920775106380713,0.35437006378441216,0.03699256816518709,0.12667760332650216,-0.3037773161959144,0.016916734256246357,-0.035687942666339595,0.43346831462337315,0.08265773250350883,0.39620037889073256,0.13700438988262909,0.5010965163709432,0.18277234496226058,0.1624499285538178,-0.07387011421586942,0.026525559435612155,-0.04873851363669201,0.38935240599899884,0.100739915988375,0.6955779756162334,0.27513160541868786,0.02805932665281628,-0.16677229655156978,0.10286702584909638,-0.03114127152400914
up-L11,up,11,read,0.16641449419584525,-0.070746201574299,0.3156540846721782,-0.010761707247088415,0.1242869308672298,-0.20512375398422866,0.020914995230588714,-0.027048085452767545,0.3979695703558697,0.058998862127629226,0.38501455019247577,0.052863629259660205,0.5408842518249388,0.17276453135046044,0.1477678685253153,-0.1322255570208182,0.01509489991792407,-0.04863810175759586,0.3711855143231884,0.08269069797434436,0.6669396069298442,0.2802501465037957,0.04239951911324173,-0.2198235375311321,0.057625349501151946,-0.08103069926086978
up-L12,up,12,read,0.18238041435477978,-0.06588624916703087,0.3508768008260825,0.012822592564138813,0.1055698189934934,-0.22337636747866146,0.021329312794065605,-0.026351776031089142,0.42499645320232937,0.022022384930799166,0.39014073637856916,0.015451340878715358,0.49591843441066513,0.11827896299361468,0.15988770247509854,-0.10444110287078617,0.016841441078775953,-0.05873213387221271,0.37584699449762266,0.09384281330139671,0.689277816831156,0.24286182584218685,0.001981686128969874,-0.16835667288585207,0.10091559906054728,-0.007167565438260026
up-L13,up,13,read,0.14264562967290165,-0.14779711237818036,0.344437858004402,0.006025635066021939,0.007390492977274961,-0.33172653707917676,0.021776295479946264,-0.012427280708731732,0.4423115286537766,0.18010561156163624,0.37617009490116254,0.058962077622688236,0.49341569339926705,0.10838229725036941,0.1634483786649565,-0.06207360506011564,0.013423329698068186,-0.06388546709678472,0.34537468927221343,0.04326349675008634,0.6966099342653144,0.2270179500405044,0.013929654047926385,-0.12636733805507788,0.08835684197957425,-0.011875556058299944
up-L14,up,14,read,0.09120443585701737,-0.18212850608210812,0.22676000815624672,-0.0238405994637427,0.05160582714243306,-0.3916736344227388,0.022819145793650932,-0.02072507836740897,0.39990295592364866,0.09080103134155337,0.33911604735352585,0.014709824438028374,0.4654855453835113,0.12440249434809986,0.1236892160113351,-0.12901110943947652,0.01470501596439073,-0.07232228825857795,0.3324480292617314,0.066669337278155,0.6155284353270338,0.2486653569526039,0.04273908873848115,-0.17464570773059246,0.06288194386151345,-0.03718386247746784
up-L15,up,15,read,0.22941330728858858,-0.012360250154228786,0.3077814103993628,-0.07460084305222758,0.22960062148780735,-0.12951490390442744,0.023853938091966568,-0.027852662195452575,0.3091038963388951,0.00223288411681416,0.4759381462335423,0.14074913378765247,0.5136553861306595,0.16897503799915187,0.25834353547603583,-0.022427026213265866,0.0020420038835805687,-0.06116938169124357,0.3071228720294029,-0.0032745012481827374,0.6384524067435844,0.2237285497840662,0.05316013264659285,-0.0892961999672472,0.09290852618076202,0.011075774837486368
O-L0,O,0,write,0.0989995785070822,-0.10700082969563564,0.04833245877990658,-0.31054447112307226,0.02120245322901715,-0.3550729302038524,0.0171655113671313,-0.022404885680867313,0.08075601253518251,-0.4264332863519258,0.2637524899303385,-0.07694993613363899,0.020353902271860416,-0.21505804777163445,0.22821660597890475,-0.16602672011176256,0.05650080100403525,-0.028985869939165493,0.04847298402982341,-0.30644588306364584,0.15385090478634203,-0.24335455816446996,0.011449227744791202,-0.1725572573164822,0.09801446572837579,0.010425754332106116
O-L1,O,1,write,0.15429364518120084,-0.12759468752465233,0.014297680111686015,-0.41552477466544707,0.2054318302817642,-0.1529940303005075,0.01465604387285514,-0.027979943426816607,0.020851509874297187,-0.3647985286740829,0.20982018852118045,-0.13310296989686338,0.04599036933812429,-0.25329942372110564,0.15315147596040407,-0.18701983023567342,0.03219788398361208,-0.06404303046724555,0.02211704420543082,-0.2761349174812335,0.06277350069905452,-0.37716493292114983,0.09817953381774001,-0.11702577102901081,0.018109792667395923,-0.11613585270343829
O-L2,O,2,write,0.1969508658557643,-0.045280247060668244,0.19422270218500653,-0.13527733788209745,0.16276447269140076,-0.16119013757053047,0.005284813550968411,-0.048158649216104396,0.19397986564438555,-0.12776743362051743,0.18829244518756214,-0.06220646434310231,0.005594398321387123,-0.27423108311241906,0.11829454786590315,-0.12622159232932917,0.002048235639426484,-0.09340178552198536,0.10674827336943661,-0.19691964950526475,0.2287536428027333,-0.1774847407351951,0.02490031199293168,-0.17162964107787904,0.0019418183291152241,-0.10806431929894644
O-L3,O,3,write,0.2204163851160449,-0.030702597702247147,0.317767894839654,0.02608848425590976,0.06611759782964337,-0.2558855985757515,0.01748998177650397,-0.027271072255861218,0.2984424185881688,-0.07069506166310396,0.1942673677616343,-0.08419902885423583,0.3404705156566516,0.09041399443366921,0.02060521582631224,-0.20601753259754482,0.01922606951775418,-0.05380523355271685,0.3487663609923739,0.07490456003501733,0.5041788488472245,0.1044464592369776,0.021976927474597382,-0.1678603242628081,0.05113603503339818,-0.06559487202089775
O-L4,O,4,write,0.24970400315052815,0.04285282786323716,0.11595933450076293,-0.17091501940626805,0.42707395195871856,0.028337959365655807,0.00894033562646459,-0.029215073842652525,0.10061582101916346,-0.24935045484796237,0.32617526341544134,0.02104889680258909,0.3271709438357055,0.0968943066262318,0.13820098807740955,-0.10838401090537025,0.015918442030664948,-0.03331688105975575,0.25400486317408955,0.000814095735000353,0.26450702444271046,-0.127590788380672,0.020111978527584153,-0.16625201847860527,0.03766413058171828,-0.051813172006258006
O-L5,O,5,write,0.09949609354611644,-0.1536768987892151,0.10906575393921397,-0.1354245552329578,0.02980996855600091,-0.3270800366592623,0.014433148364650405,-0.029116871555575206,0.03377523806400033,-0.23214405375966812,0.09846114049848129,-0.22096979627518945,0.0007285614612791249,-0.263085248544465,0.1072517966432087,-0.14212989888529876,0.005904274887682022,-0.06640193608716699,0.025745506813316235,-0.19936563205755203,0.056683675688436345,-0.2653218530324168,0.1524532176214719,-0.006092447816235413,0.09875320956290645,-0.014516160768138525
O-L6,O,6,write,0.1573587677653247,-0.10714954282766809,0.14029942321455918,-0.15146797430799241,0.33255619633792616,-0.11012536155056113,0.04979091461867853,-0.005431281031577445,0.1380429465649614,-0.20845033734086615,0.12437282319192279,-0.2188821499489274,0.06823736989750387,-0.23295017323476738,0.11366778581224068,-0.10486871560011449,0.01755075761388983,-0.05278334158720832,0.009131865376219616,-0.2811536692278384,0.03096496920244909,-0.35096213132140813,0.05562965130760377,-0.1292609974655841,0.005890995569745266,-0.10738353660055233
O-L7,O,7,write,0.26635106031911643,0.014251041492331029,0.19341197836566978,-0.10241767094579349,0.4437704829178694,0.022641532060201086,0.031135328461489684,-0.014624700995483193,0.08155442230551463,-0.22682669453787113,0.2277290166981392,-0.16566004574226492,0.23640078310911372,-0.17142436086403778,0.1187764305591427,-0.15574888464936154,0.027321029597487417,-0.03607229384956724,0.11722615805349958,-0.17267714592648703,0.16888118141898711,-0.34204591842101284,0.13195010496821624,-0.014287839290312465,0.06720668122277267,-0.04827432808636763
O-L8,O,8,write,0.0960887447851813,-0.15746172794100632,0.09444765033819892,-0.2431084754511577,0.23293633450828952,-0.07202720023104595,0.012063290181614896,-0.030229843486805262,0.17719429688661242,-0.18320652346628608,0.12654557631657837,-0.19902111019376667,0.07110720998428631,-0.2879302658483092,0.09164390851702828,-0.18315339157279895,0.015278465866281442,-0.06367363682140109,0.03976935985020224,-0.2546262824590478,0.0432960617487729,-0.36837610604608617,0.19035383366558933,-0.008558156769325892,0.0711608821956672,-0.04888035130490691
O-L9,O,9,write,0.24896476311571894,-0.016221912229993668,0.35567570804110377,0.023957868178207387,0.17128791632554066,-0.28341707808942973,0.038671822114634956,-0.027449639157683635,0.20150526616604544,-0.08450208244187649,0.3360376934830418,-0.0634333386408209,0.37301198565908184,0.025912869555185847,0.1738030245999465,-0.08939210183861351,0.010102720886727921,-0.06833247337297772,0.22657887835827195,-0.09723432238271729,0.48194427740706375,0.041601901987924794,0.1367962658200785,-0.047527517190187774,0.0664754903425422,-0.031521912304130636
O-L10,O,10,write,0.21119036641877317,0.015876482755000643,0.19099519554753974,-0.12638230007168533,0.1686067753656904,-0.26184814415672614,0.06435892521623356,0.011754248293647608,0.07243606445886824,-0.2783745176609961,0.21319285684030007,-0.04600313216780341,0.02843080695567269,-0.28989336445300995,0.18792853886596667,-0.048391503903720545,0.0572756424607845,-0.01798843061151966,0.015446782533599839,-0.273165707477024,0.1032862707113477,-0.3171600994861978,0.012962799886807054,-0.181868823317579,0.04057294316601466,-0.09343535420709086
O-L11,O,11,write,0.11190773894316978,-0.12525295682697446,0.22548848770651891,-0.1009273042127477,0.05047409768828785,-0.2789365871631706,0.055496520353621924,0.007533439670265665,0.2716264317452289,-0.06734427648301161,0.1264570996930511,-0.20569382123976446,0.2221499378346469,-0.14596978263983149,0.006346751561539299,-0.2736466739845942,0.030466670798194095,-0.033266330877325834,0.2121709207939188,-0.07632389555492525,0.32666709266079064,-0.06002236776525788,0.08417665772740138,-0.17804639891697246,0.060303859878379135,-0.07835218888364259
O-L12,O,12,write,0.010450133440043152,-0.2378165300817675,0.01103298921345105,-0.3270212190484927,0.15886574953241053,-0.1700804369397443,0.032348218759293085,-0.015332870065861662,0.06446270781871903,-0.33851136045281116,0.07675875775822127,-0.29793063774163253,0.2542393363637338,-0.12340013505331665,0.0012330620547417793,-0.26309574329114294,0.017400874804488868,-0.0581727001464998,0.14940924894316912,-0.13259493225305682,0.17754030559323428,-0.2688756853957348,0.0013650160719341823,-0.16897334294288777,0.07069007684301831,-0.037393087655789
O-L13,O,13,write,0.10281511417629217,-0.18762762787478982,0.062175834426237184,-0.2762363885121429,0.3757320728519957,0.036615042795544006,0.0057579269082817085,-0.028445649280396286,0.07471328155964907,-0.1874926355324913,0.15707925000083217,-0.16012876727764214,0.2782333108681311,-0.10680008528076657,0.08157799312637982,-0.14394399059869234,0.0475053213381877,-0.0298034754566652,0.11049859371999325,-0.19161259880213383,0.0840138696359498,-0.38557811458886015,0.033066529056125574,-0.10723046304687871,0.055817708866607155,-0.044414689171267036
O-L14,O,14,write,0.1334010402994239,-0.1399319016397016,0.1673109268239391,-0.08328968079605031,0.10578130395436472,-0.33749815761080715,0.02597022918947687,-0.017573994971583032,0.009056182458807125,-0.30004574212328816,0.1423981735527622,-0.1820080493627353,0.016105009158777772,-0.32497804187663365,0.14213048137889261,-0.110569844071919,0.056806009409592705,-0.03022129481337598,0.02787827580206809,-0.2379004161815083,0.08508627542131254,-0.2817768029531174,0.22876701802492486,0.011382221555851252,0.040073175702167445,-0.05999263063681385
O-L15,O,15,write,0.10438716855220351,-0.13738638889061386,0.27487763298709733,-0.10750462046449305,0.11062256257825635,-0.24849296281397842,0.0006992461609075949,-0.05100735412651155,0.09909397198012268,-0.20777704024195828,0.1289818660533253,-0.20620714639256454,0.04321822213387144,-0.3014621259976362,0.14519848572885624,-0.13557207596044546,0.03285019779508226,-0.03036118777974188,0.010644853582250521,-0.2997525196953351,0.1682795576517397,-0.2464442993077785,0.23961436117631785,0.0971580285624778,0.07845610416845143,-0.003376647174824221
down-L0,down,0,write,0.22390450507629184,0.017904096873574,0.026454014346021515,-0.3324229155569573,0.44578916649184536,0.06951378305897582,0.034953414796242324,-0.004616982251756288,0.17688461433780064,-0.3303046845493076,0.5431306867673402,0.20242826070336273,0.2677777312131235,0.0323657811696286,0.479929830369659,0.08568650427899172,0.09655780918891986,0.01107113824571912,0.009342300882243484,-0.3455765662112258,0.21191036041814926,-0.18529510253266274,0.11120117646234896,-0.07280530859892444,0.033840553207036404,-0.053748158189233265
down-L1,down,1,write,0.12389786237460781,-0.15799047033124536,0.1480290620094302,-0.2817933927677029,0.5029815083731312,0.14455564779085944,0.0034436442040506523,-0.03919234309562109,0.38680578058128573,0.0011557420329056378,0.0747259117786467,-0.26819724663939715,0.005784152687559996,-0.29350564037166993,0.05289983009681904,-0.28727147609925846,0.015700797617422654,-0.08054011683343497,0.04431849025010595,-0.2539334714365583,0.25360262903166436,-0.18633580458854,0.077719159120515,-0.13748614572623583,0.028128407280885594,-0.10611723808994863
down-L2,down,2,write,0.1328360406615149,-0.10939507225491765,0.24478202179244407,-0.08471801827465991,0.08099833938983915,-0.2429562708720921,0.006700659781624785,-0.04674280298544802,0.2740409046868651,-0.04770639457803788,0.0670818431426485,-0.18341706638801594,0.1194141911560561,-0.16041129027775008,0.10681612800259806,-0.13770001219263428,0.013006110331789373,-0.08244391082962246,0.1606680171236966,-0.14299990575100474,0.2975738735045901,-0.10866451003333832,0.07518212645090382,-0.12134782661990691,0.04745513154564769,-0.06255100608241397
down-L3,down,3,write,0.05774244805518047,-0.19337653476311156,0.21533187550723532,-0.07634753507650893,0.05307993348942764,-0.26892326291596724,0.03304161847174057,-0.011719435560624616,0.07995456771188118,-0.28918291253939155,0.06469775887478399,-0.21376863774108615,0.0658057165085705,-0.18425080471441188,0.07530114687511469,-0.15132160154874238,0.022345574942512558,-0.050685728127958476,0.017253010862747706,-0.25660879009460885,0.11368786305566707,-0.28604452655457985,0.03928970753523317,-0.1505475442021723,0.020359456455620508,-0.09637145059867543
down-L4,down,4,write,0.2807142209371271,0.07386304564983612,0.011009461478012468,-0.2758648924290185,0.3248676858131286,-0.07386830677993417,0.026762649091286957,-0.011392760377830158,0.012634679427593484,-0.3373315964395323,0.16026701468850707,-0.14485935192434518,0.16560634654008818,-0.06467029066938551,0.04526463950506268,-0.20132035947771712,0.001990147812920723,-0.047245175277499975,0.20115775865872773,-0.05203300878036146,0.031288203622664386,-0.3608096092007181,0.024089975080812464,-0.16227402192537696,0.029843747850326424,-0.05963355473764986
down-L5,down,5,write,0.3208259069779571,0.06765291464262557,0.42485478928468157,0.1803644801125098,0.13744563964130044,-0.21944436557396277,0.0013282419575823114,-0.0422217779626433,0.29547479218142625,0.02955550035775778,0.3677898727043573,0.048358935930686575,0.34577795876925527,0.0819641487635111,0.1627542622432196,-0.08662743328528788,0.013735736246557008,-0.05857047472829201,0.3695872335459039,0.14447609467503564,0.5742114847313851,0.2522059560105319,0.11890919456964874,-0.039636470868058576,0.03406045770167838,-0.0792089126293666
down-L6,down,6,write,0.3623176158774512,0.09780930528445841,0.5287537779579755,0.23698638043542392,0.29432703940882077,-0.14835451847966652,0.009755497434962844,-0.04546669821529313,0.4013556614538651,0.05486237754803752,0.4503802027137697,0.10712522957291953,0.3606727894931645,0.05948524636089325,0.22158995186025385,0.0030534504478986757,0.026285156225034894,-0.04404894297606325,0.4420710564201437,0.15178552181608568,0.7095174223510613,0.3275903218272041,0.1596444063127248,-0.02524624246046306,0.020182260354561582,-0.09309227181573601
down-L7,down,7,write,0.27213075211635845,0.020030733289573055,0.34329737073439637,0.047467721422933096,0.08077170457738933,-0.34035724628027897,0.019282794519566427,-0.02647723493740645,0.3046866219562191,-0.003694494887166666,0.27189712860006526,-0.12149193384033885,0.2635936491819425,-0.144231494791209,0.1238406193510148,-0.15068469585748945,0.017097443059193782,-0.04629588038786088,0.3068757860233198,0.01697248204333318,0.4821413974147656,-0.028785702425234372,0.017493068542295195,-0.1287448757162335,0.03385433670454375,-0.08162667260459655
down-L8,down,8,write,0.23484130040607215,-0.018709172320115486,0.21058253043716543,-0.1269735953521912,0.1762470990840299,-0.12871643565530555,0.0381228559188369,-0.004170277749583257,0.18454605666038879,-0.1758547636925097,0.11930311661865253,-0.2062635698916925,0.25874174056198906,-0.10029573527060648,0.036251259521024724,-0.2385460405688025,0.0518471689868767,-0.027104933700805835,0.2821981225284621,-0.012197519780787924,0.26231504541278217,-0.14935712238207693,0.05113969324654352,-0.1477722971883717,0.09062778774974685,-0.029413445750827258
down-L9,down,9,write,0.11287487992967464,-0.15231179541603795,0.16509718234577106,-0.16662065751712532,0.007348918801110493,-0.4473560756138599,0.013510536711722152,-0.05261092456059644,0.04993579783792196,-0.23607155076999997,0.07174659151578086,-0.3277244406080818,0.08496583674538567,-0.26213327935851033,0.1042203054551248,-0.15897482098343524,0.028399265751348726,-0.05003592850835692,0.032844822697938605,-0.29096837804305065,0.17987742924339836,-0.26046494617574056,0.09747169311051829,-0.08685208989974799,0.05268704260301262,-0.045310360043660215
down-L10,down,10,write,0.046913811063635666,-0.14840007260013688,0.059493063948628286,-0.25788443167059677,0.2293611700566728,-0.20109374946574374,0.025728509320769956,-0.026876167601815992,0.04321926422523466,-0.3075913178946297,0.02173646241179365,-0.23745952659630984,0.1546672814132157,-0.16365688999546693,0.12032204055991508,-0.11599800220977213,0.005075878603742716,-0.07018819446856145,0.13155869667021586,-0.15705379334040798,0.1165591841653538,-0.30388718603219167,0.04107900502498681,-0.15375261817939923,0.003112293803280211,-0.1308960035698253
down-L11,down,11,write,0.09836998503034967,-0.1387907107397946,0.016067699242060675,-0.3103480926772059,0.2674196780500363,-0.061991006801422166,0.018703436820174474,-0.029259643863181785,0.06843880967141984,-0.27053189855682064,0.10129951510365436,-0.2308514058291612,0.17800992274282712,-0.19010979773165126,0.08525466930345077,-0.19473875624268272,0.02927091590575401,-0.03446208576976592,0.2838732940056383,-0.004621522343205731,0.10738098539365964,-0.27930847503238887,0.09772088299469492,-0.16450217364967892,0.11181907750296688,-0.026836971259054848
down-L12,down,12,write,0.05194609423825724,-0.1963205692835534,0.00770108470415916,-0.33035312355778457,0.09463419555601309,-0.23431199091614174,0.028051884938053946,-0.0196292038871008,0.07602786554267361,-0.3269462027288566,0.06330426416223664,-0.31138513133761714,0.01396543467396446,-0.363674036743086,0.07359734447633332,-0.1907314608695514,0.05507903434814128,-0.02049454060284739,0.07870360221420242,-0.20330057898202353,0.09759562195997105,-0.34882036902899805,0.08200513610509283,-0.08833322290972911,0.03087755283013762,-0.07720561166866968
down-L13,down,13,write,0.08163336057498391,-0.2088093814760981,0.03365015441145699,-0.3047620685269231,0.32955184054979286,-0.009565189506658855,0.008120850555555193,-0.026082725633122805,0.06995984106645677,-0.1922460760256836,0.008818252463323326,-0.30838976481515096,0.01530341533361244,-0.3697299808152852,0.09743705697164921,-0.12808492675342292,0.047916288168166864,-0.02939250862668604,0.24733382326433503,-0.05477736925779206,0.018223331099885994,-0.45136865312492397,0.021097477258221326,-0.11919951484478296,0.014727865144723865,-0.08550453289315033
down-L14,down,14,write,0.03413260013224807,-0.23920034180687744,0.05160642394614802,-0.19899418367384142,0.11528257342347005,-0.3279968881417018,0.005182136649185822,-0.03836208751187408,0.07160506916975788,-0.2374968554123374,0.06303829085796403,-0.26136793205753345,0.03313273850104587,-0.30795031253436556,0.08173131810970208,-0.17096900734110954,0.06267657546521023,-0.024350728757758455,0.20145890124770294,-0.06431979073587346,0.0807060499140362,-0.28615702846039376,0.06684571719200051,-0.1505390792770731,0.1263291731205602,0.026263366781578895
down-L15,down,15,write,0.11107397081383112,-0.13069958662898623,0.026756236926843143,-0.35562601652474723,0.05819084077515648,-0.30092468461707833,0.015378222577290072,-0.03632837771012907,0.03687852521589845,-0.2699924870061825,0.08859548894496902,-0.2465935235009208,0.034775593985833624,-0.30990475414567403,0.03634627825557294,-0.24442428343372877,0.05108719510158414,-0.012124190473240003,0.15707463304571456,-0.1533227402318711,0.006928111896948913,-0.40779574506256927,0.0378691433240155,-0.10458718928982455,0.08542739606297597,0.003594644719700321
